date,ticker,open,high,low,close,volume,ma20,ma50,returns_1d,volatility_20d
2025-08-07,ANTM,3100.0,3250.0,3070.0,3150.0,222004300.0,3150.0,3150.0,,
2025-08-08,ANTM,3160.0,3170.0,3020.0,3090.0,102084600.0,3120.0,3120.0,-0.01904761904761909,
2025-08-11,ANTM,3060.0,3070.0,2930.0,2940.0,141894900.0,3060.0,3060.0,-0.04854368932038833,0.33109256765073086
2025-08-12,ANTM,2940.0,2950.0,2870.0,2900.0,111654300.0,3020.0,3020.0,-0.013605442176870763,0.2984179882175115
2025-08-13,ANTM,2930.0,2960.0,2880.0,2910.0,112931000.0,2998.0,2998.0,0.0034482758620688614,0.3435518701471891
2025-08-14,ANTM,2920.0,2940.0,2890.0,2890.0,109598600.0,2980.0,2980.0,-0.0068728522336769515,0.3106076294663278
2025-08-15,ANTM,2900.0,2920.0,2860.0,2900.0,59231900.0,2968.5714285714284,2968.5714285714284,0.0034602076124568004,0.30762607600359176
2025-08-19,ANTM,2900.0,2910.0,2810.0,2810.0,111569000.0,2948.75,2948.75,-0.03103448275862064,0.29982681253580135
2025-08-20,ANTM,2810.0,2840.0,2790.0,2840.0,67288600.0,2936.6666666666665,2936.6666666666665,0.01067615658362997,0.31546275011101876
2025-08-21,ANTM,2860.0,2880.0,2810.0,2830.0,66397100.0,2926.0,2926.0,-0.0035211267605633756,0.29905021050055575
2025-08-22,ANTM,2840.0,2870.0,2820.0,2820.0,29415000.0,2916.3636363636365,2916.3636363636365,-0.0035335689045936647,0.2848912201032963
2025-08-25,ANTM,2850.0,2900.0,2840.0,2870.0,72067200.0,2912.5,2912.5,0.01773049645390068,0.30293495658266023
2025-08-26,ANTM,2890.0,2920.0,2880.0,2880.0,84364800.0,2910.0,2910.0,0.0034843205574912606,0.29380720740610916
2025-08-27,ANTM,2920.0,2990.0,2890.0,2960.0,135734500.0,2913.5714285714284,2913.5714285714284,0.02777777777777768,0.32086392890077425
2025-08-28,ANTM,3000.0,3020.0,2920.0,2980.0,121877400.0,2918.0,2918.0,0.006756756756756799,0.3120077722699457
2025-08-29,ANTM,2960.0,3050.0,2880.0,3040.0,222596200.0,2925.625,2925.625,0.020134228187919545,0.31622405685907107
2025-09-01,ANTM,2950.0,3280.0,2950.0,3200.0,545677100.0,2941.764705882353,2941.764705882353,0.05263157894736836,0.3750305682675218
2025-09-02,ANTM,3300.0,3480.0,3290.0,3470.0,441940600.0,2971.1111111111113,2971.1111111111113,0.08437500000000009,0.4840388731066754
2025-09-03,ANTM,3520.0,3580.0,3360.0,3480.0,393011500.0,2997.8947368421054,2997.8947368421054,0.0028818443804035088,0.46974453412493544
2025-09-04,ANTM,3470.0,3470.0,3370.0,3390.0,142473100.0,3017.5,3017.5,-0.025862068965517238,0.4709862514740164
2025-09-08,ANTM,3470.0,3710.0,3450.0,3610.0,400454400.0,3040.5,3045.714285714286,0.06489675516224191,0.506407884598768
2025-09-09,ANTM,3680.0,3930.0,3590.0,3660.0,514308300.0,3069.0,3073.6363636363635,0.013850415512465464,0.49707436647810216
2025-09-10,ANTM,3580.0,3600.0,3470.0,3510.0,192134400.0,3097.5,3092.608695652174,-0.040983606557377095,0.48607809806547414
2025-09-11,ANTM,3520.0,3570.0,3380.0,3390.0,174842200.0,3122.0,3105.0,-0.03418803418803418,0.5041176409260741
2025-09-12,ANTM,3430.0,3520.0,3420.0,3490.0,126314000.0,3151.0,3120.4,0.029498525073746285,0.5092433528662398
2025-09-15,ANTM,3490.0,3530.0,3430.0,3490.0,104996600.0,3181.0,3134.6153846153848,0.0,0.5068721086371106
2025-09-16,ANTM,3550.0,3600.0,3500.0,3600.0,150013900.0,3216.0,3151.8518518518517,0.03151862464183375,0.5118667521969471
2025-09-17,ANTM,3570.0,3580.0,3450.0,3460.0,138761900.0,3248.5,3162.8571428571427,-0.03888888888888886,0.5211684586436721
2025-09-18,ANTM,3490.0,3490.0,3400.0,3420.0,117203300.0,3277.5,3171.7241379310344,-0.011560693641618491,0.5272716993972957
2025-09-19,ANTM,3420.0,3580.0,3420.0,3450.0,164297600.0,3308.5,3181.0,0.00877192982456143,0.5249375110399946
2025-09-22,ANTM,3520.0,3580.0,3500.0,3580.0,128254500.0,3346.5,3193.8709677419356,0.037681159420289934,0.5307151922670716
2025-09-23,ANTM,3650.0,3730.0,3600.0,3670.0,212809600.0,3386.5,3208.75,0.025139664804469275,0.532328206539698
2025-09-24,ANTM,3610.0,3620.0,3460.0,3470.0,173507600.0,3416.0,3216.6666666666665,-0.05449591280653954,0.5832715086560261
2025-09-25,ANTM,3350.0,3400.0,3150.0,3170.0,400098200.0,3426.5,3215.294117647059,-0.08645533141210371,0.6713760827511925
2025-09-26,ANTM,3180.0,3220.0,3110.0,3210.0,164732500.0,3438.0,3215.1428571428573,0.012618296529968376,0.6719844172049723
2025-09-29,ANTM,3250.0,3330.0,3220.0,3300.0,148733800.0,3451.0,3217.5,0.028037383177569986,0.6749898125009247
2025-09-30,ANTM,3340.0,3350.0,3150.0,3160.0,209921800.0,3449.0,3215.945945945946,-0.042424242424242475,0.6702914076549783
2025-10-01,ANTM,3200.0,3230.0,3160.0,3210.0,125660700.0,3436.0,3215.7894736842104,0.015822784810126667,0.5962159405777999
2025-10-02,ANTM,3190.0,3200.0,3100.0,3110.0,133099000.0,3417.5,3213.076923076923,-0.031152647975077885,0.603797553095953
2025-10-03,ANTM,3120.0,3220.0,3110.0,3200.0,98382600.0,3408.0,3212.75,0.02893890675241151,0.6098787027667998
2025-10-06,ANTM,3260.0,3300.0,3180.0,3190.0,111584900.0,3387.0,3212.1951219512193,-0.0031250000000000444,0.5560943902893022
2025-10-07,ANTM,3220.0,3250.0,3130.0,3140.0,114789800.0,3361.0,3210.4761904761904,-0.01567398119122254,0.5522814872942643
2025-10-08,ANTM,3170.0,3380.0,3150.0,3330.0,303472900.0,3352.0,3213.2558139534885,0.060509554140127486,0.586035555323838
2025-10-09,ANTM,3340.0,3350.0,3190.0,3220.0,173139700.0,3343.5,3213.409090909091,-0.033033033033033066,0.5852071683346025
2025-10-10,ANTM,3200.0,3340.0,3190.0,3310.0,127536400.0,3334.5,3215.5555555555557,0.02795031055900621,0.584129765760318
2025-10-13,ANTM,3310.0,3430.0,3290.0,3370.0,199311000.0,3328.5,3218.913043478261,0.01812688821752273,0.5884769502917528
2025-10-14,ANTM,3440.0,3500.0,3230.0,3350.0,322581200.0,3316.0,3221.7021276595747,-0.005934718100890191,0.5758371463747128
2025-10-15,ANTM,3410.0,3460.0,3310.0,3400.0,198843300.0,3313.0,3225.4166666666665,0.014925373134328401,0.5628371720938152
2025-10-16,ANTM,3450.0,3540.0,3400.0,3430.0,256647500.0,3313.5,3229.591836734694,0.008823529411764675,0.5620625433781151
2025-10-17,ANTM,3470.0,3530.0,3370.0,3450.0,216427700.0,3313.5,3234.0,0.005830903790087438,0.5616027591910767
2025-10-20,ANTM,3450.0,3450.0,3270.0,3270.0,160783200.0,3298.0,3236.4,-0.05217391304347829,0.5733746503778584
2025-10-21,ANTM,3340.0,3350.0,3270.0,3290.0,96567900.0,3279.0,3240.4,0.006116207951070374,0.5645092530768622
2025-10-22,ANTM,3150.0,3230.0,3120.0,3170.0,114865300.0,3264.0,3245.0,-0.03647416413373861,0.5468310339487282
2025-10-23,ANTM,3180.0,3210.0,3170.0,3190.0,66747300.0,3265.0,3250.8,0.006309148264984188,0.4521043163646784
2025-10-24,ANTM,3190.0,3210.0,3120.0,3130.0,84454900.0,3261.0,3255.2,-0.018808777429467072,0.454871357684452
2025-10-27,ANTM,3150.0,3210.0,3100.0,3150.0,84512600.0,3253.5,3260.4,0.006389776357827559,0.44295908913080706
2025-10-28,ANTM,3120.0,3130.0,3020.0,3100.0,101193900.0,3250.5,3264.4,-0.015873015873015928,0.42022743447659267
2025-10-29,ANTM,3110.0,3220.0,3110.0,3200.0,91690700.0,3250.0,3272.2,0.032258064516129004,0.43262618386689206
2025-10-30,ANTM,3200.0,3210.0,3120.0,3120.0,93691300.0,3250.5,3277.8,-0.025000000000000022,0.42723060603718266
2025-10-31,ANTM,3160.0,3180.0,3100.0,3100.0,92327900.0,3245.5,3283.2,-0.0064102564102563875,0.41425554293478145
2025-11-03,ANTM,3100.0,3130.0,3080.0,3110.0,56974500.0,3241.5,3289.0,0.003225806451612856,0.4144903234156972
2025-11-04,ANTM,3110.0,3110.0,2960.0,2960.0,173682100.0,3232.5,3290.8,-0.048231511254019255,0.44483462415599995
2025-11-05,ANTM,2950.0,3000.0,2910.0,2980.0,115174300.0,3215.0,3292.8,0.006756756756756799,0.3799153999340849
2025-11-06,ANTM,2980.0,2980.0,2920.0,2930.0,73006600.0,3200.5,3292.2,-0.016778523489932917,0.36836172204148016
2025-11-07,ANTM,2930.0,2940.0,2900.0,2900.0,91022900.0,3180.0,3290.6,-0.010238907849829393,0.3482035015817599
2025-11-10,ANTM,2930.0,2960.0,2870.0,2910.0,156986000.0,3157.0,3288.0,0.0034482758620688614,0.338270307070323
2025-11-11,ANTM,2940.0,2960.0,2880.0,2880.0,102211800.0,3133.5,3281.6,-0.010309278350515427,0.3384281788633802
2025-11-12,ANTM,2900.0,2910.0,2860.0,2880.0,70551600.0,3107.5,3269.8,0.0,0.3294493663459423
2025-11-13,ANTM,2910.0,2920.0,2880.0,2890.0,69463700.0,3080.5,3258.0,0.003472222222222321,0.3263456857625978
2025-11-14,ANTM,2900.0,3060.0,2860.0,3040.0,247808900.0,3060.0,3251.0,0.05190311418685112,0.38800339960111113
2025-11-17,ANTM,3040.0,3130.0,2960.0,3060.0,258066200.0,3049.5,3240.0,0.006578947368421018,0.3494442837680869
2025-11-18,ANTM,3060.0,3100.0,3010.0,3010.0,160550100.0,3035.5,3227.0,-0.016339869281045805,0.35069251328568796
2025-11-19,ANTM,3010.0,3050.0,3000.0,3000.0,72939900.0,3027.0,3216.8,-0.0033222591362126463,0.32932779171370036
2025-11-20,ANTM,3010.0,3030.0,2980.0,2980.0,60338300.0,3016.5,3208.6,-0.00666666666666671,0.3279168587658086
2025-11-21,ANTM,2980.0,2990.0,2910.0,2910.0,70438500.0,3005.5,3197.0,-0.023489932885906062,0.33127648385522307
2025-11-24,ANTM,2940.0,2970.0,2890.0,2930.0,77562700.0,2994.5,3185.8,0.0068728522336769515,0.3314708122761333
2025-11-25,ANTM,2960.0,3050.0,2930.0,3000.0,96478900.0,2989.5,3173.8,0.023890784982935065,0.34153585599757524
2025-11-26,ANTM,3020.0,3070.0,2980.0,3030.0,115088600.0,2981.0,3165.2,0.010000000000000009,0.3209443527328603
2025-11-27,ANTM,3040.0,3060.0,3000.0,3000.0,59437500.0,2975.0,3156.8,-0.00990099009900991,0.3112537349082487
2025-11-28,ANTM,3010.0,3030.0,2900.0,2910.0,131327000.0,2965.5,3146.0,-0.030000000000000027,0.3267870228494992
2025-12-01,ANTM,2940.0,3020.0,2940.0,2990.0,66998800.0,2959.5,3134.2,0.027491408934707806,0.343785203004449
2025-12-02,ANTM,2990.0,3000.0,2950.0,2980.0,62836100.0,2960.5,3120.4,-0.0033444816053511683,0.29702229011728004
2025-12-03,ANTM,2990.0,3000.0,2920.0,2920.0,64422400.0,2957.5,3109.4,-0.020134228187919434,0.3047480783244317
2025-12-04,ANTM,2930.0,2950.0,2900.0,2900.0,51907700.0,2956.0,3104.0,-0.006849315068493178,0.29986085301808973
2025-12-05,ANTM,2910.0,2940.0,2900.0,2910.0,45650000.0,2956.5,3098.0,0.0034482758620688614,0.29780112762192684
2025-12-08,ANTM,2920.0,2990.0,2920.0,2970.0,59521000.0,2959.5,3091.4,0.020618556701030855,0.30629576971638006
2025-12-09,ANTM,2980.0,2990.0,2910.0,2920.0,48402900.0,2961.5,3086.6,-0.01683501683501687,0.3103953492310543
2025-12-10,ANTM,2950.0,2950.0,2910.0,2930.0,50602100.0,2964.0,3081.0,0.003424657534246478,0.3105061114091459
2025-12-11,ANTM,2950.0,2980.0,2870.0,2890.0,95234500.0,2964.0,3076.6,-0.013651877133105783,0.31464965084796553
2025-12-12,ANTM,2910.0,3130.0,2900.0,3050.0,304157500.0,2964.5,3073.6,0.05536332179930792,0.3223388256767686
2025-12-15,ANTM,3110.0,3130.0,2980.0,3030.0,211858600.0,2963.0,3070.4,-0.006557377049180357,0.32234883325089286
2025-12-16,ANTM,3030.0,3040.0,2960.0,2970.0,91357800.0,2961.0,3067.0,-0.01980198019801982,0.3248583271884362
2025-12-17,ANTM,2990.0,3090.0,2990.0,3020.0,107358300.0,2962.0,3060.8,0.01683501683501687,0.3303461774461034
2025-12-18,ANTM,3040.0,3110.0,3020.0,3110.0,143068000.0,2968.5,3058.6,0.0298013245033113,0.34484529024512206
2025-12-19,ANTM,3120.0,3230.0,3050.0,3070.0,272901900.0,2976.5,3053.8,-0.012861736334405127,0.3362350792506072
2025-12-22,ANTM,3110.0,3220.0,3110.0,3190.0,263625800.0,2989.5,3050.2,0.039087947882736174,0.35990777882731784
2025-12-23,ANTM,3250.0,3260.0,3170.0,3190.0,178083800.0,2999.0,3047.0,0.0,0.3527569510308444
2025-12-24,ANTM,3240.0,3290.0,3180.0,3220.0,219895200.0,3008.5,3043.4,0.00940438871473348,0.352613366243109
2025-12-29,ANTM,3240.0,3420.0,3240.0,3300.0,283900400.0,3023.5,3040.8,0.024844720496894457,0.3569341414939936
2025-12-30,ANTM,3270.0,3270.0,3130.0,3150.0,209417500.0,3035.5,3034.8,-0.045454545454545414,0.3804806716148684
2026-01-02,ANTM,3170.0,3230.0,3160.0,3210.0,80535600.0,3046.5,3033.6,0.01904761904761898,0.37477500537273933
2026-01-05,ANTM,3280.0,3400.0,3260.0,3390.0,203158600.0,3067.0,3035.6,0.05607476635514019,0.41671471081100486
2026-01-06,ANTM,3410.0,3460.0,3350.0,3450.0,194028600.0,3093.5,3041.2,0.017699115044247815,0.40578995454320793
2026-01-07,ANTM,3490.0,3930.0,3480.0,3850.0,607319400.0,3141.0,3054.4,0.11594202898550732,0.5514130972985662
2026-01-08,ANTM,3810.0,3820.0,3470.0,3490.0,354486100.0,3170.0,3061.6,-0.09350649350649354,0.6721230724870324
2026-01-09,ANTM,3500.0,3690.0,3460.0,3630.0,268748100.0,3203.0,3071.2,0.04011461318051568,0.679737967362893
2026-01-12,ANTM,3840.0,3980.0,3670.0,3830.0,465569800.0,3248.5,3085.8,0.05509641873278226,0.688639711394812
2026-01-13,ANTM,3830.0,3930.0,3820.0,3880.0,211536700.0,3296.0,3099.4,0.01305483028720622,0.6874244899957248
2026-01-14,ANTM,3960.0,4180.0,3950.0,4090.0,271845900.0,3356.0,3118.8,0.054123711340206215,0.6920055531506383
2026-01-15,ANTM,4170.0,4180.0,4010.0,4050.0,174954300.0,3406.0,3137.8,-0.009779951100244544,0.6844670789501185
2026-01-19,ANTM,4100.0,4140.0,3920.0,4000.0,187759300.0,3454.5,3155.6,-0.012345679012345734,0.6872056471815704
2026-01-20,ANTM,4000.0,4120.0,3950.0,4120.0,159637300.0,3512.0,3178.8,0.030000000000000027,0.6765355099522568
2026-01-21,ANTM,4160.0,4350.0,4130.0,4270.0,325128500.0,3574.5,3204.6,0.03640776699029136,0.67989356770049
2026-01-22,ANTM,4270.0,4270.0,4090.0,4220.0,184847000.0,3630.0,3230.4,-0.011709601873536313,0.6865449038193774
2026-01-23,ANTM,4320.0,4400.0,4250.0,4290.0,203511600.0,3691.0,3258.2,0.016587677725118377,0.6778793953126854
2026-01-26,ANTM,4400.0,4970.0,4400.0,4760.0,491662800.0,3769.5,3295.2,0.10955710955710951,0.7496710205397308
2026-01-27,ANTM,4760.0,4760.0,4550.0,4610.0,225492900.0,3840.5,3329.8,-0.031512605042016806,0.7696030010606103
2026-01-28,ANTM,4600.0,4710.0,4250.0,4420.0,589421400.0,3900.5,3360.6,-0.041214750542299394,0.7989832742174038
2026-01-29,ANTM,4510.0,4570.0,3760.0,4320.0,818266300.0,3951.5,3389.2,-0.022624434389140302,0.810603938522036
2026-01-30,ANTM,4300.0,4350.0,4030.0,4210.0,259289200.0,4004.5,3412.6,-0.02546296296296291,0.7938344071482122
2026-02-02,ANTM,3800.0,3920.0,3610.0,3810.0,388915700.0,4034.5,3427.6,-0.09501187648456055,0.8855503962039472
2026-02-03,ANTM,4000.0,4050.0,3810.0,3930.0,203197400.0,4061.5,3446.0,0.03149606299212593,0.8728229758491642
2026-02-04,ANTM,3980.0,4130.0,3960.0,3990.0,215322600.0,4088.5,3465.8,0.01526717557251911,0.8725384350762966
2026-02-05,ANTM,3980.0,4000.0,3810.0,3810.0,201930600.0,4086.5,3482.4,-0.045112781954887216,0.7937847682047285
2026-02-06,ANTM,3730.0,3840.0,3680.0,3710.0,182489100.0,4097.5,3498.4,-0.026246719160105014,0.7204634488486271
2026-02-09,ANTM,3800.0,3900.0,3790.0,3890.0,146110600.0,4110.5,3517.6,0.04851752021563338,0.726635748131247
2026-02-10,ANTM,3900.0,3950.0,3850.0,3890.0,114039900.0,4113.5,3535.4,0.0,0.7015943419652032
2026-02-11,ANTM,3890.0,4020.0,3870.0,3990.0,143161900.0,4119.0,3554.6,0.02570694087403602,0.7057354853297517
2026-02-12,ANTM,4030.0,4280.0,4000.0,4120.0,225356100.0,4120.5,3577.0,0.032581453634085156,0.68870474888503
2026-02-13,ANTM,4050.0,4140.0,4000.0,4050.0,140456700.0,4120.5,3599.8,-0.016990291262135915,0.6907096945478541
2026-02-18,ANTM,4030.0,4100.0,3950.0,4050.0,73672200.0,4123.0,3621.0,0.0,0.6889588927964682
2026-02-19,ANTM,4050.0,4300.0,4050.0,4230.0,181438200.0,4128.5,3646.0,0.04444444444444451,0.6987193496999223
2026-02-20,ANTM,4260.0,4330.0,4170.0,4220.0,123609900.0,4126.0,3672.0,-0.0023640661938534313,0.687024688607307
2026-02-23,ANTM,4320.0,4440.0,4290.0,4390.0,153052900.0,4134.5,3701.8,0.04028436018957349,0.6996484781959578
2026-02-24,ANTM,4440.0,4550.0,4370.0,4380.0,166385100.0,4139.0,3731.2,-0.002277904328018221,0.6979543187647641
2026-02-25,ANTM,4400.0,4500.0,4340.0,4460.0,103583700.0,4124.0,3761.0,0.0182648401826484,0.5758212267995101
2026-02-26,ANTM,4470.0,4480.0,4270.0,4330.0,99948100.0,4110.0,3789.2,-0.029147982062780242,0.5743063672722072
2026-02-27,ANTM,4330.0,4370.0,4230.0,4350.0,80407900.0,4106.5,3817.6,0.004618937644341736,0.5560764200075012
2026-03-02,ANTM,4500.0,4650.0,4480.0,4610.0,212481100.0,4121.0,3852.0,0.05977011494252871,0.5880097998619269
2026-03-03,ANTM,4610.0,4630.0,4400.0,4410.0,149780600.0,4131.0,3879.2,-0.04338394793926248,0.6031323873126379
2026-03-04,ANTM,4340.0,4340.0,3970.0,4050.0,227497200.0,4143.0,3899.6,-0.08163265306122447,0.575527734137301
2026-03-05,ANTM,4150.0,4230.0,4110.0,4130.0,71419500.0,4153.0,3922.8,0.01975308641975304,0.5694805359868054
2026-03-06,ANTM,4130.0,4150.0,4000.0,4040.0,59681800.0,4155.5,3943.2,-0.021791767554479424,0.5741552738782929
2026-03-09,ANTM,3920.0,3920.0,3660.0,3820.0,173997700.0,4156.0,3957.4,-0.054455445544554504,0.5850161690273912
2026-03-10,ANTM,3950.0,4080.0,3900.0,4020.0,97669800.0,4171.5,3976.4,0.05235602094240832,0.6031040643398751
2026-03-11,ANTM,4040.0,4090.0,3950.0,3970.0,48115500.0,4175.5,3992.0,-0.01243781094527363,0.5828563626133791
2026-03-12,ANTM,3920.0,3930.0,3830.0,3890.0,73154200.0,4175.5,4006.0,-0.02015113350125941,0.587986356326918
2026-03-13,ANTM,3820.0,3930.0,3770.0,3810.0,64088000.0,4166.5,4017.8,-0.020565552699228773,0.5847730656077428
2026-03-16,ANTM,3690.0,3730.0,3590.0,3640.0,111081300.0,4142.5,4024.6,-0.044619422572178435,0.5890172748182834
2026-03-17,ANTM,3670.0,3900.0,3670.0,3750.0,114095000.0,4127.5,4036.6,0.030219780219780112,0.600545701843587
2026-03-25,ANTM,3660.0,3720.0,3580.0,3620.0,151532000.0,4106.0,4044.8,-0.03466666666666662,0.6106517240601806
2026-03-26,ANTM,3620.0,3660.0,3420.0,3430.0,119229100.0,4066.0,4045.6,-0.0524861878453039,0.6036822826271262
2026-03-27,ANTM,3350.0,3590.0,3350.0,3500.0,91494700.0,4030.0,4046.6,0.020408163265306145,0.612714657841142
2026-03-30,ANTM,3450.0,3550.0,3390.0,3500.0,60550100.0,3985.5,4039.6,0.0,0.5862017007360423
2026-03-31,ANTM,3540.0,3620.0,3430.0,3500.0,99833000.0,3941.5,4039.8,0.0,0.5866867584397708
2026-04-01,ANTM,3620.0,3760.0,3570.0,3710.0,140581600.0,3904.0,4041.4,0.06000000000000005,0.6308648115711692
2026-04-02,ANTM,3680.0,3690.0,3590.0,3640.0,71715300.0,3869.5,4037.6,-0.018867924528301883,0.6274289284948268
2026-04-06,ANTM,3640.0,3650.0,3570.0,3650.0,41205300.0,3834.5,4033.0,0.0027472527472527375,0.6269687527585811
2026-04-07,ANTM,3620.0,3630.0,3450.0,3470.0,129402200.0,3777.5,4020.6,-0.049315068493150704,0.5890257467731388
2026-04-08,ANTM,3630.0,3750.0,3580.0,3740.0,157473100.0,3744.0,4014.4,0.0778097982708934,0.6601280291485555
2026-04-09,ANTM,3680.0,3800.0,3630.0,3750.0,129289900.0,3729.0,4009.4,0.002673796791443861,0.5994005600151542
2026-04-10,ANTM,3780.0,3790.0,3700.0,3710.0,65131200.0,3708.0,4001.2,-0.010666666666666713,0.5936698048321566
2026-04-13,ANTM,3690.0,3780.0,3630.0,3750.0,88027100.0,3693.5,3990.8,0.010781671159029615,0.5924832014960254
2026-04-14,ANTM,3770.0,3940.0,3730.0,3900.0,125422900.0,3697.5,3984.4,0.040000000000000036,0.5785168425122837
2026-04-15,ANTM,3990.0,4000.0,3890.0,3940.0,96315100.0,3693.5,3977.4,0.01025641025641022,0.5480877224254881
2026-04-16,ANTM,3980.0,4140.0,3940.0,4060.0,139830400.0,3698.0,3963.4,0.030456852791878264,0.5567194242415333
2026-04-17,ANTM,4060.0,4090.0,3970.0,4070.0,69561300.0,3707.0,3952.6,0.0024630541871921707,0.5507012437965133
2026-04-20,ANTM,4060.0,4150.0,4000.0,4010.0,57759300.0,3717.0,3944.4,-0.014742014742014753,0.5478000274000644
2026-04-21,ANTM,4010.0,4090.0,3980.0,4030.0,48530300.0,3736.5,3938.6,0.004987531172069737,0.5179462202110048
2026-04-22,ANTM,4030.0,4150.0,4030.0,4100.0,81890600.0,3754.0,3936.4,0.017369727047146455,0.5118181863398541
2026-04-23,ANTM,4150.0,4160.0,4000.0,4020.0,65595800.0,3774.0,3940.6,-0.019512195121951237,0.4989205712678564
2026-04-24,ANTM,3990.0,4080.0,3960.0,4050.0,79334000.0,3805.0,3943.0,0.00746268656716409,0.44905067471596893
2026-04-27,ANTM,4100.0,4180.0,4060.0,4120.0,97987200.0,3836.0,3945.6,0.01728395061728394,0.44810767684301755
2026-04-28,ANTM,4120.0,4290.0,3940.0,4040.0,171366200.0,3863.0,3950.2,-0.01941747572815533,0.45821383743883987
2026-04-29,ANTM,4000.0,4000.0,3880.0,3880.0,93317900.0,3882.0,3953.6,-0.03960396039603964,0.48753957697821326
2026-04-30,ANTM,3900.0,3910.0,3600.0,3740.0,212842500.0,3883.5,3950.6,-0.03608247422680411,0.4640984141572803
2026-05-04,ANTM,3750.0,3850.0,3740.0,3800.0,81668400.0,3891.5,3948.8,0.016042780748663166,0.46100565993348597
2026-05-05,ANTM,3760.0,3760.0,3640.0,3690.0,111553900.0,3893.5,3942.8,-0.02894736842105261,0.47436011097586445
2026-05-06,ANTM,3720.0,3800.0,3720.0,3800.0,97302500.0,3910.0,3936.4,0.02981029810298108,0.44538828448707496
2026-05-07,ANTM,3900.0,3950.0,3810.0,3880.0,147286400.0,3917.0,3933.0,0.021052631578947434,0.359474882840544
2026-05-08,ANTM,3830.0,3840.0,3630.0,3630.0,147682400.0,3911.0,3924.6,-0.06443298969072164,0.43001532589216124
2026-05-11,ANTM,3630.0,3810.0,3530.0,3700.0,182583700.0,3910.5,3914.0,0.019283746556473913,0.4344557596149579
2026-05-12,ANTM,3700.0,3750.0,3510.0,3570.0,129829300.0,3901.5,3901.0,-0.03513513513513511,0.44995530320289473
2026-05-13,ANTM,3420.0,3610.0,3360.0,3500.0,183268100.0,3881.5,3883.2,-0.019607843137254943,0.4250980657537111
2026-05-14,ANTM,3500.0,3500.0,3500.0,3500.0,0.0,3859.5,3865.6,0.0,0.42174555582177786
2026-05-15,ANTM,3500.0,3500.0,3500.0,3500.0,0.0,3831.5,3846.4,0.0,0.4005699222143227
2026-05-18,ANTM,3230.0,3310.0,3040.0,3160.0,304786400.0,3786.0,3823.0,-0.0971428571428572,0.510131501961457
2026-05-19,ANTM,3230.0,3230.0,2920.0,3060.0,328516700.0,3738.5,3797.2,-0.03164556962025311,0.5148145290526093
2026-05-20,ANTM,3000.0,3200.0,2940.0,3100.0,249846500.0,3692.0,3767.0,0.013071895424836555,0.5193226009341458
2026-05-21,ANTM,3160.0,3170.0,2950.0,2970.0,161809600.0,3635.5,3738.2,-0.041935483870967794,0.5167302882075274
2026-05-22,ANTM,2920.0,3150.0,2910.0,3090.0,223541100.0,3589.0,3719.0,0.04040404040404044,0.5530131425152129
2026-05-25,ANTM,3130.0,3140.0,2990.0,3070.0,151195300.0,3540.0,3697.8,-0.006472491909385147,0.5485432086283355
2026-05-26,ANTM,3070.0,3150.0,2960.0,2960.0,164671000.0,3482.0,3676.2,-0.03583061889250816,0.5417872274749744
2026-05-27,ANTM,2960.0,2960.0,2960.0,2960.0,0.0,3428.0,3659.0,0.0,0.5444593473615821
2026-05-28,ANTM,2960.0,2960.0,2960.0,2960.0,0.0,3382.0,3637.8,0.0,0.5387045105275412
2026-05-29,ANTM,2960.0,2990.0,2880.0,2900.0,401178500.0,3340.0,3616.4,-0.020270270270270285,0.532560003431912
2026-06-02,ANTM,2950.0,3060.0,2900.0,2960.0,203427800.0,3298.0,3597.8,0.020689655172413834,0.5360594469932499
2026-06-03,ANTM,2960.0,2980.0,2530.0,2610.0,438971300.0,3244.0,3573.8,-0.1182432432432432,0.6544574574002514
2026-06-04,ANTM,2580.0,2780.0,2450.0,2760.0,327693500.0,3192.0,3556.2,0.05747126436781613,0.6868792853368845
2026-06-05,ANTM,2850.0,2910.0,2710.0,2750.0,263284100.0,3135.5,3536.2,-0.0036231884057971175,0.6752168642467197
2026-06-08,ANTM,2670.0,2780.0,2520.0,2530.0,272942900.0,3080.5,3514.4,-0.07999999999999996,0.692026227032766
2026-06-09,ANTM,2570.0,2910.0,2530.0,2880.0,291597400.0,3039.5,3503.4,0.1383399209486167,0.878593068481761
2026-06-10,ANTM,2880.0,2960.0,2750.0,2750.0,397843000.0,2998.5,3488.4,-0.04513888888888884,0.8829451971920049
2026-06-11,ANTM,2750.0,2790.0,2640.0,2720.0,276318200.0,2959.5,3472.8,-0.010909090909090868,0.8824250820288734
2026-06-12,ANTM,2800.0,2910.0,2760.0,2850.0,174808500.0,2927.0,3459.8,0.047794117647058876,0.9063553534584718
2026-06-15,ANTM,2950.0,3230.0,2950.0,3130.0,378696400.0,2908.5,3448.2,0.0982456140350878,0.982699297582541
2026-06-17,ANTM,3230.0,3270.0,3140.0,3160.0,172876200.0,2908.5,3438.6,0.009584664536741228,0.9191549234334728
2026-06-18,ANTM,3170.0,3190.0,3080.0,3170.0,113192200.0,2914.0,3429.0,0.0031645569620253333,0.9107342700203239
2026-06-19,ANTM,3140.0,3140.0,3080.0,3080.0,148007500.0,2913.0,3421.2,-0.028391167192429068,0.9167168275557338
2026-06-22,ANTM,2890.0,3020.0,2880.0,2960.0,158864000.0,2912.5,3405.6,-0.038961038961038974,0.9149176538517022
2026-06-23,ANTM,2960.0,2960.0,2820.0,2870.0,124924800.0,2901.5,3388.0,-0.030405405405405372,0.9093815920161564
2026-06-24,ANTM,2880.0,2910.0,2740.0,2750.0,130253500.0,2885.5,3368.8,-0.04181184668989546,0.9201981989098953
2026-06-25,ANTM,2690.0,2790.0,2610.0,2740.0,146277100.0,2874.5,3348.6,-0.0036363636363636598,0.9124517821923752
2026-06-26,ANTM,2750.0,2790.0,2650.0,2710.0,114300800.0,2862.0,3324.8,-0.010948905109489093,0.9129125167691271
2026-06-29,ANTM,2730.0,2810.0,2710.0,2720.0,72627000.0,2850.0,3300.4,0.0036900369003689537,0.9131593722775809
2026-06-30,ANTM,2700.0,2700.0,2580.0,2590.0,101996000.0,2834.5,3271.0,-0.047794117647058876,0.9253414860571456
2026-07-01,ANTM,2600.0,2650.0,2550.0,2610.0,70203300.0,2817.0,3241.8,0.007722007722007707,0.9218826617026425
2026-07-02,ANTM,2640.0,2800.0,2640.0,2760.0,107845500.0,2824.5,3216.8,0.05747126436781613,0.8423975570681194
2026-07-03,ANTM,2850.0,2950.0,2850.0,2930.0,103473600.0,2833.0,3194.8,0.061594202898550776,0.8459820299466868
2026-07-06,ANTM,3000.0,3040.0,2930.0,2940.0,70223700.0,2842.5,3171.6,0.0034129692832765013,0.8454766149906107
2026-07-07,ANTM,2940.0,2970.0,2920.0,2930.0,38269200.0,2862.5,3149.8,-0.003401360544217691,0.7853396912751789
2026-07-08,ANTM,2920.0,2920.0,2770.0,2790.0,75494400.0,2858.0,3124.6,-0.04778156996587035,0.6419573303667936
2026-07-09,ANTM,2790.0,2860.0,2740.0,2850.0,60437300.0,2863.0,3099.2,0.021505376344086002,0.6242854577519297
2026-07-10,ANTM,2870.0,2930.0,2860.0,2900.0,60196300.0,2872.0,3076.4,0.01754385964912286,0.6243452170756176
2026-07-13,ANTM,2900.0,2920.0,2830.0,2920.0,56479200.0,2875.5,3057.2,0.006896551724137945,0.6027397246039251
2026-07-14,ANTM,2880.0,2950.0,2850.0,2920.0,101305400.0,2865.0,3040.8,0.0,0.48351626762503963
2026-07-15,ANTM,2970.0,3090.0,2960.0,3040.0,154583300.0,2859.0,3025.6,0.041095890410958846,0.5067951295174002
2026-07-16,ANTM,3070.0,3090.0,3040.0,3080.0,91739100.0,2854.5,3013.4,0.013157894736842035,0.5092380053674292
2026-07-17,ANTM,3000.0,3070.0,3000.0,3070.0,80284500.0,2854.0,2998.8,-0.0032467532467532756,0.49898700743333807
2026-07-20,ANTM,3050.0,3070.0,2990.0,3000.0,109006600.0,2856.0,2981.2,-0.0228013029315961,0.48522839051174554
2026-07-21,ANTM,3020.0,3100.0,3010.0,3060.0,134948200.0,2865.5,2969.8,0.020000000000000018,0.47467568438465796
2026-07-22,ANTM,3110.0,3190.0,3090.0,3120.0,164522700.0,2884.0,2958.2,0.019607843137254832,0.4458787487421303
2026-07-23,ANTM,3130.0,3160.0,3050.0,3080.0,133197300.0,2901.0,2948.4,-0.012820512820512775,0.4498776265908238
2026-07-24,ANTM,3030.0,3040.0,2960.0,2990.0,75686900.0,2915.0,2938.2,-0.02922077922077926,0.4636057060370778
2026-07-27,ANTM,3020.0,3050.0,2940.0,2970.0,98598300.0,2927.5,2927.6,-0.006688963210702337,0.46555290927219406
2026-07-28,ANTM,2950.0,2960.0,2870.0,2890.0,87944700.0,2942.5,2915.4,-0.026936026936026924,0.4394480303749558
2026-07-29,ANTM,2890.0,2900.0,2800.0,2840.0,66694800.0,2954.0,2909.0,-0.01730103806228378,0.44695098858778315
2026-07-30,ANTM,2860.0,2900.0,2820.0,2860.0,76364900.0,2959.0,2905.0,0.007042253521126751,0.40135799800189936
2026-07-31,ANTM,2880.0,2900.0,2860.0,2880.0,98459300.0,2956.5,2900.6,0.006993006993007089,0.33534794227877074
2026-08-03,ANTM,2920.0,2920.0,2860.0,2870.0,46158100.0,2953.0,2898.6,-0.00347222222222221,0.33513284556863543
2026-08-04,ANTM,2880.0,2920.0,2880.0,2890.0,70023600.0,2951.0,2894.6,0.006968641114982521,0.3361637406783126
2026-08-05,ANTM,2930.0,3080.0,2920.0,3070.0,187572000.0,2965.0,2894.6,0.06228373702422152,0.3571042551586584
2026-08-06,ANTM,3170.0,3180.0,3070.0,3080.0,172099500.0,2976.5,2897.0,0.0032573289902280145,0.3517731598630541
2026-08-07,ANTM,3090.0,3130.0,3080.0,3100.0,7828600.0,2986.5,2899.8,0.006493506493506551,0.34834965186088396
2025-08-07,ASII,4920.0,5025.0,4920.0,4960.0,25930000.0,4960.0,4960.0,,
2025-08-08,ASII,4950.0,4990.0,4920.0,4920.0,20639400.0,4940.0,4940.0,-0.008064516129032251,
2025-08-11,ASII,4920.0,4930.0,4870.0,4900.0,21955000.0,4926.666666666667,4926.666666666667,-0.004065040650406471,0.04489400090346419
2025-08-12,ASII,4900.0,5025.0,4890.0,4990.0,22725500.0,4942.5,4942.5,0.01836734693877551,0.22616310595720887
2025-08-13,ASII,5100.0,5250.0,5025.0,5175.0,103458500.0,4989.0,4989.0,0.03707414829659328,0.3335450161016253
2025-08-14,ASII,5125.0,5150.0,5075.0,5100.0,31796500.0,5007.5,5007.5,-0.01449275362318836,0.34022441635248873
2025-08-15,ASII,5100.0,5125.0,5025.0,5025.0,16434700.0,5010.0,5010.0,-0.014705882352941124,0.3319646336052952
2025-08-19,ASII,5275.0,5575.0,5200.0,5525.0,260942000.0,5074.375,5074.375,0.09950248756218905,0.6569688477715392
2025-08-20,ASII,5525.0,5550.0,5450.0,5525.0,74517000.0,5124.444444444444,5124.444444444444,0.0,0.6150187995401298
2025-08-21,ASII,5525.0,5650.0,5500.0,5625.0,76746200.0,5174.5,5174.5,0.018099547511312153,0.5756669684700177
2025-08-22,ASII,5650.0,5775.0,5600.0,5700.0,73126900.0,5222.272727272727,5222.272727272727,0.01333333333333342,0.5427833582844437
2025-08-25,ASII,5750.0,5775.0,5675.0,5750.0,60737900.0,5266.25,5266.25,0.00877192982456143,0.515660101093753
2025-08-26,ASII,5725.0,5725.0,5475.0,5625.0,79136200.0,5293.846153846154,5293.846153846154,-0.021739130434782594,0.5181994273468171
2025-08-27,ASII,5650.0,5725.0,5500.0,5500.0,33172600.0,5308.571428571428,5308.571428571428,-0.022222222222222254,0.5172590734905462
2025-08-28,ASII,5525.0,5650.0,5525.0,5575.0,18032900.0,5326.333333333333,5326.333333333333,0.013636363636363669,0.49745319693105583
2025-08-29,ASII,5450.0,5625.0,5425.0,5500.0,62869000.0,5337.1875,5337.1875,-0.013452914798206317,0.4879744009193992
2025-09-01,ASII,5200.0,5500.0,5200.0,5450.0,67904000.0,5343.823529411765,5343.823529411765,-0.009090909090909038,0.47591442567329567
2025-09-02,ASII,5500.0,5550.0,5400.0,5475.0,21623300.0,5351.111111111111,5351.111111111111,0.004587155963302836,0.46084987212938805
2025-09-03,ASII,5525.0,5650.0,5450.0,5500.0,45471600.0,5358.9473684210525,5358.9473684210525,0.004566210045662045,0.447132256554223
2025-09-04,ASII,5500.0,5500.0,5400.0,5500.0,26987400.0,5366.0,5366.0,0.0,0.43510510710241734
2025-09-08,ASII,5600.0,5600.0,5350.0,5425.0,57081800.0,5389.25,5368.809523809524,-0.013636363636363669,0.42908031384910755
2025-09-09,ASII,5400.0,5600.0,5350.0,5525.0,49240100.0,5419.5,5375.909090909091,0.018433179723502224,0.42883325466787636
2025-09-10,ASII,5525.0,5525.0,5400.0,5475.0,22964700.0,5448.25,5380.217391304348,-0.009049773755656076,0.43076852042011143
2025-09-11,ASII,5475.0,5600.0,5450.0,5550.0,28151500.0,5476.25,5387.291666666667,0.013698630136986356,0.4292924900608818
2025-09-12,ASII,5625.0,5700.0,5600.0,5675.0,30653500.0,5501.25,5398.8,0.022522522522522515,0.4181344017938537
2025-09-15,ASII,5675.0,5700.0,5600.0,5625.0,26368000.0,5527.5,5407.5,-0.008810572687224627,0.41510774537647865
2025-09-16,ASII,5650.0,5675.0,5600.0,5650.0,15987900.0,5558.75,5416.481481481482,0.004444444444444473,0.40842636155379775
2025-09-17,ASII,5650.0,5700.0,5600.0,5700.0,23879700.0,5567.5,5426.607142857143,0.008849557522123908,0.21435038893259026
2025-09-18,ASII,5700.0,5725.0,5550.0,5575.0,27261300.0,5570.0,5431.724137931034,-0.021929824561403466,0.2301385743479019
2025-09-19,ASII,5575.0,5750.0,5575.0,5725.0,52162200.0,5575.0,5441.5,0.026905829596412634,0.24091557375757783
2025-09-22,ASII,5725.0,5725.0,5625.0,5700.0,35106300.0,5575.0,5449.8387096774195,-0.004366812227074246,0.23705021535975915
2025-09-23,ASII,5675.0,5950.0,5650.0,5900.0,41044200.0,5582.5,5463.90625,0.03508771929824572,0.2663982127347485
2025-09-24,ASII,5950.0,5950.0,5850.0,5900.0,61167600.0,5596.25,5477.121212121212,0.0,0.25212449933048653
2025-09-25,ASII,5900.0,5900.0,5750.0,5775.0,35805100.0,5610.0,5485.882352941177,-0.021186440677966156,0.25080029857376096
2025-09-26,ASII,5875.0,6000.0,5775.0,5875.0,42677800.0,5625.0,5497.0,0.017316017316017396,0.2532834197607704
2025-09-29,ASII,5875.0,5900.0,5750.0,5775.0,20892700.0,5638.75,5504.722222222223,-0.017021276595744705,0.2566049342621289
2025-09-30,ASII,5750.0,5825.0,5700.0,5775.0,41266900.0,5655.0,5512.027027027027,0.0,0.253133125086622
2025-10-01,ASII,5825.0,5850.0,5650.0,5675.0,26508200.0,5665.0,5516.315789473684,-0.017316017316017285,0.2630797953896196
2025-10-02,ASII,5750.0,5750.0,5625.0,5700.0,29346300.0,5675.0,5521.025641025641,0.004405286343612369,0.26305898952542345
2025-10-03,ASII,5750.0,5850.0,5750.0,5825.0,27951100.0,5691.25,5528.625,0.021929824561403466,0.2722944340599588
2025-10-06,ASII,5900.0,5925.0,5800.0,5825.0,21809400.0,5711.25,5535.8536585365855,0.0,0.26545149590036626
2025-10-07,ASII,5925.0,6050.0,5725.0,5750.0,43328700.0,5722.5,5540.952380952381,-0.012875536480686733,0.2656611502432703
2025-10-08,ASII,5825.0,5875.0,5650.0,5725.0,30080700.0,5735.0,5545.232558139535,-0.004347826086956497,0.26355262849852856
2025-10-09,ASII,5775.0,5925.0,5750.0,5925.0,27699300.0,5753.75,5553.863636363636,0.03493449781659397,0.2855280969594017
2025-10-10,ASII,5925.0,5950.0,5850.0,5900.0,27133800.0,5765.0,5561.555555555556,-0.00421940928270037,0.27747306021664625
2025-10-13,ASII,5850.0,5925.0,5775.0,5800.0,29034500.0,5773.75,5566.739130434783,-0.016949152542372836,0.2831592483314053
2025-10-14,ASII,5800.0,6025.0,5800.0,5825.0,53096200.0,5782.5,5572.234042553191,0.004310344827586299,0.2831423029687672
2025-10-15,ASII,5950.0,5950.0,5750.0,5775.0,96604500.0,5786.25,5576.458333333333,-0.008583690987124415,0.2840453315334249
2025-10-16,ASII,5850.0,5850.0,5750.0,5750.0,15044500.0,5795.0,5580.0,-0.0043290043290042934,0.27197554023050435
2025-10-17,ASII,5725.0,5800.0,5575.0,5625.0,31793700.0,5790.0,5580.9,-0.021739130434782594,0.2669117336579728
2025-10-20,ASII,5625.0,5925.0,5625.0,5925.0,29959700.0,5801.25,5600.2,0.05333333333333323,0.32810298181675734
2025-10-21,ASII,6000.0,6050.0,5900.0,6000.0,46181700.0,5806.25,5621.8,0.012658227848101333,0.30722294322714694
2025-10-22,ASII,6050.0,6300.0,6000.0,6175.0,98615300.0,5820.0,5647.3,0.029166666666666563,0.3229839343635819
2025-10-23,ASII,6075.0,6400.0,6075.0,6325.0,60009000.0,5847.5,5674.0,0.02429149797570851,0.31911599317603623
2025-10-24,ASII,6375.0,6675.0,6350.0,6575.0,93344500.0,5882.5,5702.0,0.03952569169960474,0.3397858291575512
2025-10-27,ASII,6600.0,6725.0,6375.0,6600.0,64262300.0,5923.75,5732.0,0.0038022813688212143,0.3290588930402672
2025-10-28,ASII,6600.0,6600.0,6275.0,6325.0,37953500.0,5951.25,5758.0,-0.04166666666666663,0.371188569322621
2025-10-29,ASII,6250.0,6500.0,6225.0,6475.0,39818900.0,5991.25,5777.0,0.02371541501976293,0.3672937004726489
2025-10-30,ASII,6425.0,6450.0,6250.0,6275.0,28976800.0,6020.0,5792.0,-0.030888030888030937,0.39103091051894073
2025-10-31,ASII,6250.0,6300.0,6125.0,6150.0,64790000.0,6036.25,5802.5,-0.019920318725099584,0.39534010794073343
2025-11-03,ASII,6150.0,6450.0,6150.0,6350.0,59085000.0,6062.5,5815.5,0.03252032520325199,0.4086830252020915
2025-11-04,ASII,6300.0,6375.0,6250.0,6300.0,62249200.0,6090.0,5826.5,-0.007874015748031482,0.4062186457244724
2025-11-05,ASII,6250.0,6325.0,6175.0,6250.0,43439100.0,6116.25,5839.0,-0.007936507936507908,0.40749842775522793
2025-11-06,ASII,6300.0,6350.0,6200.0,6325.0,48979900.0,6136.25,5855.5,0.01200000000000001,0.3928019846390202
2025-11-07,ASII,6325.0,6450.0,6300.0,6425.0,42960800.0,6162.5,5872.5,0.015810276679841806,0.3939728293732475
2025-11-10,ASII,6500.0,6500.0,6400.0,6425.0,45533400.0,6193.75,5891.0,0.0,0.3862158551617034
2025-11-11,ASII,6550.0,6600.0,6450.0,6525.0,43529600.0,6228.75,5912.5,0.015564202334630295,0.38785338031864763
2025-11-12,ASII,6550.0,6575.0,6400.0,6450.0,37083400.0,6262.5,5932.0,-0.011494252873563204,0.389436539564372
2025-11-13,ASII,6425.0,6425.0,6350.0,6375.0,21200000.0,6293.75,5949.5,-0.011627906976744207,0.3928083563692962
2025-11-14,ASII,6375.0,6450.0,6325.0,6400.0,23431700.0,6332.5,5967.5,0.0039215686274509665,0.3795783705634523
2025-11-17,ASII,6400.0,6500.0,6375.0,6450.0,40681500.0,6358.75,5988.0,0.0078125,0.33754033500458996
2025-11-18,ASII,6475.0,6550.0,6400.0,6425.0,27510900.0,6380.0,6006.0,-0.003875968992248069,0.3373223356695435
2025-11-19,ASII,6425.0,6475.0,6275.0,6400.0,45476700.0,6391.25,6024.5,-0.0038910505836575737,0.324304683815987
2025-11-20,ASII,6450.0,6500.0,6375.0,6425.0,30547700.0,6396.25,6042.0,0.00390625,0.31360776678530977
2025-11-21,ASII,6400.0,6425.0,6325.0,6425.0,43653200.0,6388.75,6057.0,0.0,0.27858614131866083
2025-11-24,ASII,6500.0,6525.0,6425.0,6475.0,71721700.0,6382.5,6074.0,0.0077821011673151474,0.27985251327781546
2025-11-25,ASII,6425.0,6475.0,6375.0,6450.0,20954400.0,6388.75,6090.0,-0.0038610038610038533,0.2352666607998108
2025-11-26,ASII,6500.0,6600.0,6425.0,6600.0,29331000.0,6395.0,6108.0,0.023255813953488413,0.23468519722491013
2025-11-27,ASII,6600.0,6600.0,6450.0,6575.0,23737100.0,6410.0,6128.0,-0.0037878787878787845,0.20338209678530117
2025-11-28,ASII,6600.0,6600.0,6500.0,6550.0,38378700.0,6430.0,6144.5,-0.0038022813688213253,0.18731802804033687
2025-12-01,ASII,6375.0,6500.0,6325.0,6375.0,38669000.0,6431.25,6158.0,-0.026717557251908386,0.18238240546864726
2025-12-02,ASII,6575.0,6625.0,6500.0,6625.0,53567600.0,6447.5,6172.5,0.03921568627450989,0.22592860788488364
2025-12-03,ASII,6600.0,6650.0,6550.0,6600.0,24386200.0,6465.0,6186.5,-0.0037735849056603765,0.223823736635672
2025-12-04,ASII,6575.0,6725.0,6550.0,6725.0,38510600.0,6485.0,6205.5,0.018939393939394034,0.22889583544413997
2025-12-05,ASII,6725.0,6900.0,6700.0,6700.0,67707300.0,6498.75,6222.0,-0.0037174721189591198,0.22505517479891018
2025-12-08,ASII,6825.0,6825.0,6625.0,6725.0,38776000.0,6513.75,6241.0,0.003731343283582156,0.22496278951342663
2025-12-09,ASII,6775.0,6775.0,6450.0,6600.0,38482800.0,6517.5,6257.5,-0.018587360594795488,0.230996377285125
2025-12-10,ASII,6700.0,6725.0,6550.0,6625.0,34524000.0,6526.25,6276.5,0.0037878787878788955,0.22665010966775231
2025-12-11,ASII,6650.0,6675.0,6350.0,6450.0,42116700.0,6530.0,6291.5,-0.026415094339622636,0.24341225337214353
2025-12-12,ASII,6550.0,6600.0,6425.0,6600.0,28841900.0,6540.0,6307.0,0.023255813953488413,0.2561518508034989
2025-12-15,ASII,6725.0,6725.0,6525.0,6600.0,38096700.0,6547.5,6322.5,0.0,0.2551634477537091
2025-12-16,ASII,6575.0,6600.0,6500.0,6600.0,34723600.0,6556.25,6339.5,0.0,0.25449628952560804
2025-12-17,ASII,6550.0,6600.0,6500.0,6600.0,32681400.0,6566.25,6357.0,0.0,0.2537837552949318
2025-12-18,ASII,6600.0,6600.0,6475.0,6500.0,20454400.0,6570.0,6368.5,-0.015151515151515138,0.2604750411548079
2025-12-19,ASII,6575.0,6575.0,6425.0,6525.0,61201100.0,6575.0,6381.0,0.0038461538461538325,0.26069413795195134
2025-12-22,ASII,6450.0,6600.0,6450.0,6575.0,30755900.0,6580.0,6396.5,0.00766283524904221,0.26065271925586436
2025-12-23,ASII,6500.0,6575.0,6450.0,6500.0,13756700.0,6582.5,6410.0,-0.011406844106463865,0.26383530756459556
2025-12-24,ASII,6450.0,6675.0,6450.0,6625.0,20273000.0,6583.75,6427.0,0.019230769230769162,0.2595869079203501
2025-12-29,ASII,6625.0,6725.0,6600.0,6675.0,20982300.0,6588.75,6445.5,0.007547169811320753,0.2603275944563409
2025-12-30,ASII,6675.0,6725.0,6600.0,6700.0,23486000.0,6596.25,6467.0,0.0037453183520599342,0.2599044784006748
2026-01-02,ASII,6600.0,6800.0,6600.0,6800.0,19569100.0,6617.5,6484.5,0.014925373134328401,0.2418591833086731
2026-01-05,ASII,6775.0,6875.0,6675.0,6875.0,30633400.0,6630.0,6502.0,0.011029411764705843,0.20416663726884468
2026-01-06,ASII,6875.0,6900.0,6700.0,6900.0,33964700.0,6645.0,6516.5,0.0036363636363636598,0.2031114767625505
2026-01-07,ASII,6800.0,7075.0,6800.0,7025.0,55249800.0,6660.0,6530.5,0.018115942028985588,0.20223606018036647
2026-01-08,ASII,7025.0,7100.0,6975.0,7000.0,30845500.0,6675.0,6539.0,-0.003558718861209953,0.20217458303513539
2026-01-09,ASII,7000.0,7100.0,6825.0,6875.0,29171000.0,6682.5,6544.5,-0.017857142857142905,0.21426606706529353
2026-01-12,ASII,6925.0,7000.0,6900.0,7000.0,24915100.0,6702.5,6558.0,0.018181818181818077,0.20893689433302587
2026-01-13,ASII,7075.0,7300.0,7025.0,7300.0,65659900.0,6736.25,6574.5,0.04285714285714293,0.252337204666686
2026-01-14,ASII,7200.0,7225.0,7025.0,7125.0,40658400.0,6770.0,6591.5,-0.023972602739726012,0.24842502025883345
2026-01-15,ASII,7200.0,7200.0,7000.0,7050.0,26410300.0,6792.5,6609.5,-0.010526315789473717,0.24459910737094753
2026-01-19,ASII,7200.0,7475.0,7175.0,7400.0,51590900.0,6832.5,6630.5,0.049645390070921946,0.293914807951281
2026-01-20,ASII,7350.0,7375.0,7225.0,7275.0,21167100.0,6866.25,6650.0,-0.016891891891891886,0.30434143680914394
2026-01-21,ASII,6300.0,6800.0,6300.0,6600.0,269454100.0,6866.25,6657.0,-0.09278350515463918,0.46209374020162736
2026-01-22,ASII,6700.0,6850.0,6625.0,6775.0,70220500.0,6880.0,6666.0,0.026515151515151603,0.46712086470223485
2026-01-23,ASII,6800.0,6900.0,6650.0,6825.0,52227800.0,6895.0,6674.0,0.007380073800737907,0.4674245630776127
2026-01-26,ASII,6850.0,6875.0,6700.0,6875.0,55468700.0,6910.0,6683.0,0.0073260073260073,0.4673784071910204
2026-01-27,ASII,6775.0,6800.0,6225.0,6300.0,145465800.0,6900.0,6678.5,-0.08363636363636362,0.5577849603179039
2026-01-28,ASII,6200.0,6475.0,5775.0,6175.0,200262500.0,6877.5,6673.0,-0.019841269841269882,0.5562721734047809
2026-01-29,ASII,6200.0,6475.0,5725.0,6475.0,136295200.0,6867.5,6675.0,0.04858299595141702,0.5848395209618656
2026-01-30,ASII,6525.0,6550.0,6300.0,6350.0,101087200.0,6850.0,6674.0,-0.019305019305019266,0.5881481376205285
2026-02-02,ASII,6350.0,6400.0,6175.0,6275.0,71571500.0,6823.75,6670.5,-0.011811023622047223,0.5855895220973236
2026-02-03,ASII,6375.0,6800.0,6325.0,6800.0,63526500.0,6820.0,6678.0,0.08366533864541825,0.661127679066207
2026-02-04,ASII,6800.0,6825.0,6625.0,6675.0,58211100.0,6808.75,6683.5,-0.018382352941176516,0.6642603353017367
2026-02-05,ASII,6725.0,7000.0,6725.0,6950.0,72792600.0,6805.0,6694.0,0.04119850187265928,0.6778984769547393
2026-02-06,ASII,6800.0,6800.0,6575.0,6700.0,49547300.0,6790.0,6699.5,-0.03597122302158273,0.6900253597553899
2026-02-09,ASII,6750.0,6750.0,6525.0,6650.0,34797900.0,6778.75,6703.0,-0.007462686567164201,0.6876961271613682
2026-02-10,ASII,6700.0,6850.0,6650.0,6850.0,45371100.0,6771.25,6711.0,0.03007518796992481,0.6933142624480199
2026-02-11,ASII,6800.0,6825.0,6700.0,6750.0,41050100.0,6743.75,6714.0,-0.014598540145985384,0.6758008439556221
2026-02-12,ASII,6775.0,6900.0,6750.0,6775.0,26536900.0,6726.25,6718.0,0.0037037037037037646,0.6715580453509757
2026-02-13,ASII,6775.0,6775.0,6575.0,6650.0,31212900.0,6706.25,6720.0,-0.01845018450184499,0.6735323428469217
2026-02-18,ASII,6750.0,6750.0,6650.0,6700.0,25858200.0,6671.25,6726.5,0.007518796992481258,0.6467119704197698
2026-02-19,ASII,6700.0,6775.0,6550.0,6600.0,46704000.0,6637.5,6726.0,-0.014925373134328401,0.6462359197206438
2026-02-20,ASII,6600.0,6650.0,6550.0,6550.0,28160900.0,6635.0,6725.0,-0.007575757575757569,0.5554858353885109
2026-02-23,ASII,6625.0,6650.0,6550.0,6625.0,38075400.0,6627.5,6723.0,0.011450381679389388,0.5485510877252467
2026-02-24,ASII,6650.0,6725.0,6550.0,6550.0,51297100.0,6613.75,6720.0,-0.01132075471698113,0.5489804157814557
2026-02-25,ASII,6600.0,6675.0,6575.0,6650.0,45214100.0,6602.5,6718.5,0.01526717557251911,0.5513898314985
2026-02-26,ASII,6700.0,6725.0,6575.0,6725.0,30901600.0,6623.75,6721.0,0.011278195488721776,0.45794526619968684
2026-02-27,ASII,6725.0,6750.0,6575.0,6675.0,68396400.0,6648.75,6722.0,-0.0074349442379182396,0.451575907496137
2026-03-02,ASII,6600.0,6625.0,6275.0,6300.0,60477400.0,6640.0,6719.0,-0.0561797752808989,0.46805825584459
2026-03-03,ASII,6400.0,6425.0,6250.0,6275.0,31573300.0,6636.25,6712.5,-0.003968253968253954,0.46322804263528417
2026-03-04,ASII,6275.0,6325.0,6000.0,6150.0,49747800.0,6630.0,6703.5,-0.019920318725099584,0.46680538751308875
2026-03-05,ASII,6300.0,6350.0,6200.0,6325.0,38471400.0,6606.25,6698.0,0.028455284552845628,0.36455909752143384
2026-03-06,ASII,6300.0,6300.0,6050.0,6125.0,38071100.0,6578.75,6688.5,-0.031620553359683834,0.37468118556520646
2026-03-09,ASII,5900.0,5900.0,5800.0,5850.0,46625500.0,6523.75,6675.5,-0.04489795918367345,0.3612540488053756
2026-03-10,ASII,5900.0,6150.0,5900.0,6000.0,33964900.0,6488.75,6665.0,0.02564102564102555,0.3649079440343868
2026-03-11,ASII,6000.0,6050.0,5875.0,5950.0,18403300.0,6453.75,6652.5,-0.008333333333333304,0.36499109696817983
2026-03-12,ASII,5975.0,6050.0,5900.0,5950.0,20628100.0,6408.75,6641.5,0.0,0.3411747346445359
2026-03-13,ASII,5900.0,5950.0,5775.0,5825.0,27856000.0,6362.5,6625.5,-0.021008403361344574,0.343867167386142
2026-03-16,ASII,5875.0,5900.0,5675.0,5850.0,37696400.0,6316.25,6609.0,0.0042918454935623185,0.34411885859041524
2026-03-17,ASII,5925.0,5925.0,5750.0,5800.0,89895700.0,6273.75,6591.0,-0.008547008547008517,0.34156751156055815
2026-03-25,ASII,6300.0,6600.0,6100.0,6600.0,134276600.0,6268.75,6587.0,0.13793103448275867,0.6162576513268341
2026-03-26,ASII,6575.0,6575.0,6225.0,6250.0,45012000.0,6251.25,6574.5,-0.05303030303030298,0.6427154836920608
2026-03-27,ASII,6200.0,6225.0,6050.0,6125.0,32993200.0,6230.0,6559.0,-0.020000000000000018,0.6456575101079106
2026-03-30,ASII,6100.0,6400.0,6000.0,6350.0,48246100.0,6216.25,6545.5,0.03673469387755102,0.6590527695291537
2026-03-31,ASII,6350.0,6350.0,6175.0,6250.0,31516100.0,6201.25,6530.5,-0.015748031496062964,0.6601291270461512
2026-04-01,ASII,6275.0,6350.0,6125.0,6250.0,37708800.0,6181.25,6518.0,0.0,0.6571871036392228
2026-04-02,ASII,6150.0,6300.0,6025.0,6075.0,37842500.0,6148.75,6499.5,-0.028000000000000025,0.6611868768649362
2026-04-06,ASII,6075.0,6125.0,6025.0,6100.0,15705000.0,6120.0,6475.5,0.004115226337448652,0.6617272252936987
2026-04-07,ASII,6075.0,6075.0,5875.0,5900.0,22912400.0,6100.0,6451.0,-0.032786885245901676,0.6420400994433006
2026-04-08,ASII,6050.0,6250.0,6025.0,6200.0,28419500.0,6096.25,6434.0,0.05084745762711873,0.6693212022927841
2026-04-09,ASII,6150.0,6175.0,6050.0,6175.0,25785600.0,6097.5,6409.5,-0.0040322580645161255,0.6653488895080483
2026-04-10,ASII,6225.0,6350.0,6200.0,6300.0,37451300.0,6096.25,6390.0,0.020242914979757165,0.6614817375604353
2026-04-13,ASII,6275.0,6275.0,6150.0,6175.0,35616700.0,6098.75,6381.5,-0.019841269841269882,0.6551654944673245
2026-04-14,ASII,6250.0,6275.0,6100.0,6150.0,35499900.0,6113.75,6369.0,-0.004048582995951455,0.632723418159568
2026-04-15,ASII,6250.0,6400.0,6225.0,6300.0,54204700.0,6128.75,6358.5,0.024390243902439046,0.6321509184746926
2026-04-16,ASII,6350.0,6375.0,6175.0,6200.0,28237100.0,6141.25,6345.0,-0.015873015873015928,0.634530924103927
2026-04-17,ASII,6275.0,6475.0,6250.0,6375.0,25291100.0,6162.5,6346.5,0.02822580645161299,0.6407690654547458
2026-04-20,ASII,6375.0,6450.0,6275.0,6350.0,18307400.0,6188.75,6350.0,-0.0039215686274509665,0.6346976100105282
2026-04-21,ASII,6450.0,6450.0,6300.0,6325.0,25696400.0,6212.5,6347.0,-0.003937007874015741,0.6354991749130532
2026-04-22,ASII,6425.0,6625.0,6375.0,6600.0,42250100.0,6252.5,6352.0,0.04347826086956519,0.647896257365837
2026-04-23,ASII,6600.0,6625.0,6325.0,6325.0,31725300.0,6238.75,6353.0,-0.04166666666666663,0.45116898424163654
2026-04-24,ASII,6400.0,6475.0,6275.0,6325.0,27751700.0,6242.5,6343.5,0.0,0.40846165923166455
2026-04-27,ASII,6375.0,6375.0,6125.0,6125.0,19496400.0,6242.5,6332.5,-0.031620553359683834,0.41831518626361747
2026-04-28,ASII,6150.0,6200.0,6025.0,6025.0,36965000.0,6226.25,6314.0,-0.01632653061224487,0.39902333360852305
2026-04-29,ASII,6125.0,6250.0,6025.0,6050.0,26325800.0,6216.25,6301.0,0.004149377593360981,0.3963879033617062
2026-04-30,ASII,6075.0,6075.0,5975.0,5975.0,47690300.0,6202.5,6287.5,-0.012396694214875992,0.39827411998620554
2026-05-04,ASII,6050.0,6125.0,6025.0,6075.0,33999000.0,6202.5,6272.0,0.01673640167364021,0.39105755172022283
2026-05-05,ASII,5825.0,5950.0,5725.0,5875.0,38038400.0,6191.25,6254.5,-0.03292181069958844,0.40798116671416845
2026-05-06,ASII,5950.0,5975.0,5750.0,5750.0,27273500.0,6183.75,6234.0,-0.021276595744680882,0.39822752533598504
2026-05-07,ASII,5800.0,5900.0,5775.0,5850.0,37017100.0,6166.25,6218.0,0.017391304347825987,0.35592802867460677
2026-05-08,ASII,5875.0,6000.0,5800.0,5825.0,36425000.0,6148.75,6200.5,-0.004273504273504258,0.35594137307623797
2026-05-11,ASII,5925.0,6050.0,5825.0,6050.0,26376000.0,6136.25,6189.5,0.03862660944205998,0.3769990231784942
2026-05-12,ASII,6050.0,6100.0,5850.0,5850.0,25658100.0,6120.0,6175.5,-0.03305785123966942,0.38816223397605015
2026-05-13,ASII,5850.0,5900.0,5750.0,5750.0,32026500.0,6100.0,6158.0,-0.017094017094017144,0.39163648949919366
2026-05-14,ASII,5750.0,5750.0,5750.0,5750.0,0.0,6072.5,6142.0,0.0,0.37829803063935136
2026-05-15,ASII,5750.0,5750.0,5750.0,5750.0,0.0,6050.0,6124.0,0.0,0.37603997235879716
2026-05-18,ASII,5825.0,6000.0,5775.0,6000.0,54305300.0,6031.25,6109.5,0.04347826086956519,0.396447922418822
2026-05-19,ASII,6000.0,6050.0,5925.0,5950.0,34901400.0,6011.25,6095.0,-0.008333333333333304,0.39693255530949956
2026-05-20,ASII,5950.0,6100.0,5900.0,5975.0,37175000.0,5993.75,6088.5,0.004201680672268893,0.39771528711958654
2026-05-21,ASII,6000.0,6025.0,5600.0,5600.0,57790800.0,5943.75,6075.0,-0.06276150627615062,0.413147682287812
2026-05-22,ASII,5625.0,5650.0,5300.0,5400.0,65064200.0,5897.5,6060.0,-0.0357142857142857,0.40718436903941635
2026-05-25,ASII,5425.0,5625.0,5325.0,5600.0,92115700.0,5861.25,6045.5,0.03703703703703698,0.4364746131504186
2026-05-26,ASII,5575.0,5600.0,5125.0,5125.0,82648100.0,5811.25,6025.5,-0.0848214285714286,0.5125826407934027
2026-05-27,ASII,5125.0,5125.0,5125.0,5125.0,0.0,5766.25,6011.0,0.0,0.5124966290800377
2026-05-28,ASII,5125.0,5125.0,5125.0,5125.0,0.0,5720.0,5993.5,0.0,0.5114507235173048
2026-05-29,ASII,4800.0,5200.0,4800.0,5000.0,481573900.0,5671.25,5974.5,-0.024390243902439046,0.5146549859403973
2026-06-02,ASII,5000.0,5050.0,4840.0,4900.0,156532600.0,5612.5,5953.5,-0.020000000000000018,0.5073653282521197
2026-06-03,ASII,4900.0,4920.0,4670.0,4840.0,101108500.0,5560.75,5933.8,-0.01224489795918371,0.5003414090302079
2026-06-04,ASII,4810.0,4840.0,4570.0,4630.0,160423900.0,5504.75,5909.4,-0.04338842975206614,0.5134277529035729
2026-06-05,ASII,4600.0,4620.0,4530.0,4570.0,64364700.0,5440.75,5884.8,-0.01295896328293733,0.5029384166159705
2026-06-08,ASII,4550.0,4550.0,4350.0,4360.0,85460100.0,5367.5,5840.0,-0.045951859956236296,0.5162655333632258
2026-06-09,ASII,4360.0,4680.0,4360.0,4670.0,84193600.0,5298.5,5808.4,0.07110091743119273,0.5701214699919439
2026-06-10,ASII,4650.0,4750.0,4530.0,4700.0,91880000.0,5241.0,5779.9,0.0064239828693790635,0.5682271100593075
2026-06-11,ASII,4700.0,4950.0,4680.0,4700.0,85205900.0,5188.5,5746.9,0.0,0.5687441719686506
2026-06-12,ASII,4760.0,4810.0,4720.0,4740.0,66162000.0,5138.0,5716.7,0.008510638297872353,0.5714090612748122
2026-06-15,ASII,4900.0,4980.0,4880.0,4890.0,89864300.0,5095.0,5689.5,0.03164556962025311,0.588789925358909
2026-06-17,ASII,4880.0,4910.0,4790.0,4800.0,72821600.0,5035.0,5664.0,-0.018404907975460127,0.55802652091266
2026-06-18,ASII,4800.0,4830.0,4710.0,4770.0,60565200.0,4976.0,5637.4,-0.006249999999999978,0.5581829096514692
2026-06-19,ASII,4770.0,4830.0,4750.0,4810.0,229098200.0,4917.75,5615.6,0.008385744234800763,0.5598295853145093
2026-06-22,ASII,4880.0,4880.0,4710.0,4730.0,46627400.0,4874.25,5586.2,-0.016632016632016633,0.5252534011666118
2026-06-23,ASII,4730.0,4780.0,4650.0,4680.0,57376700.0,4838.25,5556.3,-0.010570824524312905,0.5150670810395866
2026-06-24,ASII,4830.0,4830.0,4630.0,4640.0,53683100.0,4790.25,5523.1,-0.008547008547008517,0.4885488680829362
2026-06-25,ASII,4640.0,4950.0,4640.0,4920.0,88497000.0,4780.0,5498.0,0.06034482758620685,0.4602915115181194
2026-06-26,ASII,4920.0,4930.0,4710.0,4760.0,64841400.0,4761.75,5470.2,-0.03252032520325199,0.47304697664033296
2026-06-29,ASII,4770.0,4770.0,4680.0,4710.0,25237300.0,4741.0,5438.4,-0.010504201680672232,0.4735524180834782
2026-06-30,ASII,4710.0,4720.0,4470.0,4520.0,81706000.0,4717.0,5404.8,-0.04033970276008492,0.48597272592014407
2026-07-01,ASII,4530.0,4650.0,4500.0,4600.0,30899300.0,4702.0,5369.3,0.017699115044247815,0.4885403663083241
2026-07-02,ASII,4620.0,4680.0,4580.0,4580.0,52263400.0,4689.0,5333.9,-0.004347826086956497,0.4872988043157585
2026-07-03,ASII,4600.0,4830.0,4600.0,4810.0,24908400.0,4698.0,5303.6,0.05021834061135366,0.49586062871541925
2026-07-06,ASII,4810.0,4810.0,4690.0,4780.0,31139400.0,4708.5,5267.2,-0.006237006237006182,0.4936746704339154
2026-07-07,ASII,4790.0,4980.0,4780.0,4930.0,44556600.0,4737.0,5239.3,0.03138075313807542,0.46825475028973945
2026-07-08,ASII,4930.0,4980.0,4870.0,4890.0,44811600.0,4748.0,5210.6,-0.008113590263691739,0.4033922384147019
2026-07-09,ASII,4900.0,4900.0,4760.0,4880.0,43391100.0,4757.0,5185.7,-0.002044989775051076,0.40344955566720536
2026-07-10,ASII,4850.0,4870.0,4770.0,4810.0,24557100.0,4762.5,5161.4,-0.014344262295082011,0.4076701668737515
2026-07-13,ASII,4810.0,4860.0,4730.0,4850.0,43780800.0,4768.0,5137.4,0.008316008316008316,0.40762614517826207
2026-07-14,ASII,4850.0,4910.0,4810.0,4880.0,50811200.0,4767.5,5115.5,0.006185567010309256,0.3923495568296459
2026-07-15,ASII,4880.0,4930.0,4850.0,4850.0,37729500.0,4770.0,5091.0,-0.006147540983606592,0.38702363013092306
2026-07-16,ASII,4850.0,5150.0,4840.0,5100.0,72624500.0,4786.5,5075.5,0.05154639175257736,0.4255271669166857
2026-07-17,ASII,5125.0,5200.0,5025.0,5100.0,65960600.0,4801.0,5062.5,0.0,0.4253399450310753
2026-07-20,ASII,5125.0,5250.0,5050.0,5050.0,67793400.0,4817.0,5046.5,-0.009803921568627416,0.42177874305958246
2026-07-21,ASII,5100.0,5150.0,5050.0,5100.0,40894600.0,4838.0,5032.0,0.00990099009900991,0.4189008793100544
2026-07-22,ASII,5150.0,5300.0,5100.0,5150.0,93334100.0,4863.5,5014.0,0.009803921568627416,0.41630004720453045
2026-07-23,ASII,5150.0,5175.0,5000.0,5000.0,66257200.0,4867.5,4997.0,-0.029126213592232997,0.3796341595438907
2026-07-24,ASII,4980.0,4980.0,4900.0,4980.0,73314000.0,4878.5,4981.6,-0.0040000000000000036,0.3591017341157127
2026-07-27,ASII,4950.0,4950.0,4900.0,4910.0,21049300.0,4888.5,4964.8,-0.014056224899598346,0.3610242486674099
2026-07-28,ASII,4920.0,5025.0,4920.0,4970.0,34388400.0,4911.0,4949.2,0.012219959266802416,0.3250587825890078
2026-07-29,ASII,5000.0,5025.0,4950.0,4960.0,23808100.0,4929.0,4928.4,-0.002012072434607659,0.32232580812619716
2026-07-30,ASII,4920.0,4950.0,4870.0,4950.0,33910100.0,4947.5,4908.4,-0.0020161290322581182,0.321633568895753
2026-07-31,ASII,5000.0,5175.0,5000.0,5100.0,46139800.0,4962.0,4890.9,0.030303030303030276,0.28995422751118677
2026-08-03,ASII,5275.0,5275.0,5000.0,5050.0,30943600.0,4975.5,4879.9,-0.009803921568627416,0.29174653801880185
2026-08-04,ASII,5050.0,5125.0,5000.0,5125.0,39489500.0,4985.25,4874.4,0.014851485148514865,0.2758169708679697
2026-08-05,ASII,5150.0,5175.0,5000.0,5025.0,49014700.0,4992.0,4862.9,-0.019512195121951237,0.28424486858101106
2026-08-06,ASII,5050.0,5125.0,5025.0,5100.0,53209500.0,5003.0,4862.4,0.014925373134328401,0.28778845275180903
2026-08-07,ASII,5050.0,5125.0,5025.0,5100.0,4468900.0,5017.5,4861.9,0.0,0.2811728794885841
2025-08-07,BBCA,8325.0,8350.0,8300.0,8300.0,43621300.0,8300.0,8300.0,,
2025-08-08,BBCA,8325.0,8400.0,8300.0,8300.0,68378700.0,8300.0,8300.0,0.0,
2025-08-11,BBCA,8500.0,8550.0,8425.0,8550.0,128561300.0,8383.333333333334,8383.333333333334,0.030120481927710774,0.3381015710940301
2025-08-12,BBCA,8625.0,8875.0,8575.0,8850.0,171015700.0,8500.0,8500.0,0.03508771929824572,0.30141122543233456
2025-08-13,BBCA,8975.0,8975.0,8725.0,8925.0,129083900.0,8585.0,8585.0,0.008474576271186418,0.26766667254941795
2025-08-14,BBCA,8925.0,8950.0,8750.0,8775.0,122930900.0,8616.666666666666,8616.666666666666,-0.01680672268907568,0.3409970963340314
2025-08-15,BBCA,8825.0,8850.0,8700.0,8700.0,68754200.0,8628.57142857143,8628.57142857143,-0.008547008547008517,0.331199031751122
2025-08-19,BBCA,8600.0,8600.0,8450.0,8500.0,128591700.0,8612.5,8612.5,-0.02298850574712641,0.3551105225223464
2025-08-20,BBCA,8375.0,8600.0,8350.0,8525.0,202260200.0,8602.777777777777,8602.777777777777,0.002941176470588225,0.32879053884950254
2025-08-21,BBCA,8550.0,8575.0,8500.0,8550.0,69470200.0,8597.5,8597.5,0.0029325513196480912,0.30757191974875076
2025-08-22,BBCA,8575.0,8575.0,8450.0,8450.0,66394100.0,8584.09090909091,8584.09090909091,-0.011695906432748537,0.2998067771372298
2025-08-25,BBCA,8525.0,8550.0,8475.0,8475.0,64052700.0,8575.0,8575.0,0.002958579881656709,0.28446249730368334
2025-08-26,BBCA,8450.0,8475.0,8250.0,8250.0,326794200.0,8550.0,8550.0,-0.026548672566371723,0.3012146020214349
2025-08-27,BBCA,8250.0,8350.0,8200.0,8300.0,111915700.0,8532.142857142857,8532.142857142857,0.0060606060606061,0.28976431228544974
2025-08-28,BBCA,8350.0,8375.0,8275.0,8325.0,81281400.0,8518.333333333334,8518.333333333334,0.003012048192771122,0.27866067669485506
2025-08-29,BBCA,8250.0,8275.0,8075.0,8075.0,236499300.0,8490.625,8490.625,-0.03003003003003002,0.2960035025544389
2025-09-01,BBCA,7650.0,8050.0,7600.0,8000.0,421127500.0,8461.764705882353,8461.764705882353,-0.009287925696594423,0.2875608098671947
2025-09-02,BBCA,8000.0,8175.0,8000.0,8000.0,155531500.0,8436.111111111111,8436.111111111111,0.0,0.2785519875989572
2025-09-03,BBCA,7900.0,8000.0,7900.0,7975.0,212372700.0,8411.842105263158,8411.842105263158,-0.0031250000000000444,0.270266825860357
2025-09-04,BBCA,7975.0,8000.0,7925.0,8000.0,103534800.0,8391.25,8391.25,0.0031347962382444194,0.2633378888182246
2025-09-08,BBCA,8025.0,8025.0,7700.0,7700.0,321191900.0,8361.25,8358.333333333334,-0.03749999999999998,0.2859204550917737
2025-09-09,BBCA,7625.0,7725.0,7475.0,7525.0,595368700.0,8322.5,8320.454545454546,-0.022727272727272707,0.2934182113681512
2025-09-10,BBCA,7550.0,7800.0,7550.0,7800.0,246849600.0,8285.0,8297.826086956522,0.03654485049833878,0.30422485320570614
2025-09-11,BBCA,7900.0,7975.0,7850.0,7850.0,235173400.0,8235.0,8279.166666666666,0.0064102564102563875,0.26994845992976263
2025-09-12,BBCA,7975.0,7975.0,7850.0,7925.0,156084700.0,8185.0,8265.0,0.009554140127388644,0.27073374824555635
2025-09-15,BBCA,8000.0,8100.0,7975.0,8025.0,142567700.0,8147.5,8255.76923076923,0.012618296529968376,0.2749612519431664
2025-09-16,BBCA,8050.0,8075.0,7900.0,7925.0,129312900.0,8108.75,8243.518518518518,-0.012461059190031154,0.2761090316216104
2025-09-17,BBCA,7850.0,7900.0,7800.0,7850.0,183725900.0,8076.25,8229.464285714286,-0.009463722397476393,0.2681632631351098
2025-09-18,BBCA,7850.0,7900.0,7650.0,7700.0,275378700.0,8035.0,8211.206896551725,-0.019108280254777066,0.27216699310931936
2025-09-19,BBCA,7650.0,7825.0,7650.0,7800.0,149025300.0,7997.5,8197.5,0.01298701298701288,0.27829348055399244
2025-09-22,BBCA,7800.0,7825.0,7725.0,7725.0,92588800.0,7961.25,8182.258064516129,-0.009615384615384581,0.2776706536988409
2025-09-23,BBCA,7750.0,7900.0,7750.0,7875.0,102606200.0,7931.25,8172.65625,0.01941747572815533,0.2893028385310793
2025-09-24,BBCA,7950.0,7950.0,7725.0,7775.0,150428400.0,7907.5,8160.606060606061,-0.012698412698412653,0.2786530761859783
2025-09-25,BBCA,7725.0,7775.0,7700.0,7700.0,147986600.0,7877.5,8147.058823529412,-0.009646302250803873,0.27759416747392157
2025-09-26,BBCA,7575.0,7700.0,7575.0,7625.0,121657700.0,7842.5,8132.142857142857,-0.009740259740259716,0.2772564584721289
2025-09-29,BBCA,7750.0,7800.0,7700.0,7775.0,116454700.0,7827.5,8122.222222222223,0.01967213114754096,0.27201259452045407
2025-09-30,BBCA,7700.0,7775.0,7625.0,7625.0,170666700.0,7808.75,8108.783783783784,-0.019292604501607746,0.27794251296768024
2025-10-01,BBCA,7600.0,7675.0,7500.0,7500.0,202433400.0,7783.75,8092.763157894737,-0.016393442622950838,0.28223915746425127
2025-10-02,BBCA,7500.0,7600.0,7500.0,7500.0,126952400.0,7760.0,8077.5641025641025,0.0,0.28244922648256426
2025-10-03,BBCA,7525.0,7550.0,7500.0,7525.0,76787500.0,7736.25,8063.75,0.0033333333333334103,0.2825065047735874
2025-10-06,BBCA,7500.0,7550.0,7450.0,7500.0,104032400.0,7726.25,8050.0,-0.0033222591362126463,0.2513254333156121
2025-10-07,BBCA,7550.0,7600.0,7500.0,7575.0,74282600.0,7728.75,8038.690476190476,0.010000000000000009,0.24076644418423435
2025-10-08,BBCA,7500.0,7525.0,7375.0,7375.0,168080800.0,7707.5,8023.2558139534885,-0.02640264026402639,0.21819161799828107
2025-10-09,BBCA,7375.0,7700.0,7300.0,7550.0,293567400.0,7692.5,8012.5,0.023728813559322104,0.23574444821655935
2025-10-10,BBCA,7450.0,7450.0,7350.0,7400.0,107426000.0,7666.25,7998.888888888889,-0.019867549668874163,0.23997628323575773
2025-10-13,BBCA,7300.0,7375.0,7300.0,7325.0,101847900.0,7631.25,7984.239130434783,-0.010135135135135087,0.23344476521244278
2025-10-14,BBCA,7275.0,7350.0,7250.0,7250.0,151862300.0,7597.5,7968.617021276596,-0.010238907849829393,0.23256501302531368
2025-10-15,BBCA,7250.0,7350.0,7225.0,7250.0,133206400.0,7567.5,7953.645833333333,0.0,0.23222520435809194
2025-10-16,BBCA,7250.0,7325.0,7225.0,7300.0,120611200.0,7547.5,7940.306122448979,0.006896551724137945,0.22789269676631135
2025-10-17,BBCA,7300.0,7525.0,7275.0,7500.0,157334400.0,7532.5,7931.5,0.027397260273972712,0.24596065140178539
2025-10-20,BBCA,7700.0,8000.0,7625.0,7875.0,393421800.0,7540.0,7923.0,0.050000000000000044,0.30494203302071665
2025-10-21,BBCA,8100.0,8475.0,8100.0,8475.0,529802600.0,7570.0,7926.5,0.07619047619047614,0.40141504756179364
2025-10-22,BBCA,8700.0,8700.0,8200.0,8200.0,392957200.0,7591.25,7919.5,-0.03244837758112096,0.41807106062211974
2025-10-23,BBCA,8200.0,8350.0,8150.0,8325.0,187003900.0,7622.5,7909.0,0.015243902439024293,0.41743096043217176
2025-10-24,BBCA,8300.0,8375.0,8275.0,8275.0,133355100.0,7655.0,7896.0,-0.006006006006005982,0.4159812086036584
2025-10-27,BBCA,8325.0,8425.0,8200.0,8350.0,182275600.0,7683.75,7887.5,0.009063444108761365,0.4125114605025252
2025-10-28,BBCA,8350.0,8400.0,8250.0,8275.0,180270000.0,7716.25,7879.0,-0.008982035928143728,0.40640550636240835
2025-10-29,BBCA,8300.0,8600.0,8275.0,8600.0,239156800.0,7771.25,7881.0,0.0392749244712991,0.416536899910849
2025-10-30,BBCA,8575.0,8750.0,8475.0,8525.0,259009800.0,7822.5,7881.0,-0.008720930232558155,0.4196709561930326
2025-10-31,BBCA,8550.0,8650.0,8525.0,8525.0,177088000.0,7872.5,7880.5,0.0,0.4201973800970819
2025-11-03,BBCA,8650.0,8650.0,8525.0,8650.0,115007100.0,7930.0,7884.5,0.014662756598240456,0.41942294368885275
2025-11-04,BBCA,8650.0,8700.0,8625.0,8650.0,155231500.0,7983.75,7888.0,0.0,0.4201284238450575
2025-11-05,BBCA,8625.0,8700.0,8600.0,8700.0,125731500.0,8050.0,7897.0,0.005780346820809301,0.4013193646495687
2025-11-06,BBCA,8625.0,8675.0,8550.0,8550.0,89756900.0,8100.0,7902.0,-0.017241379310344862,0.40713205485960546
2025-11-07,BBCA,8550.0,8675.0,8550.0,8675.0,75241900.0,8163.75,7909.0,0.014619883040935644,0.39570353815383913
2025-11-10,BBCA,8675.0,8675.0,8575.0,8575.0,79897700.0,8226.25,7919.0,-0.011527377521613813,0.39659217658622153
2025-11-11,BBCA,8575.0,8600.0,8400.0,8400.0,130897600.0,8283.75,7927.0,-0.020408163265306145,0.4044277907944949
2025-11-12,BBCA,8425.0,8550.0,8400.0,8500.0,85415600.0,8346.25,7937.0,0.011904761904761862,0.40363251329925565
2025-11-13,BBCA,8400.0,8475.0,8375.0,8375.0,104113800.0,8400.0,7945.0,-0.014705882352941124,0.4118189098731625
2025-11-14,BBCA,8375.0,8500.0,8375.0,8425.0,89815300.0,8446.25,7953.5,0.005970149253731405,0.4048490441043379
2025-11-17,BBCA,8500.0,8575.0,8475.0,8575.0,129411100.0,8481.25,7971.0,0.017804154302670572,0.37349693610168416
2025-11-18,BBCA,8550.0,8575.0,8400.0,8400.0,119377900.0,8477.5,7988.5,-0.020408163265306145,0.27098894773966153
2025-11-19,BBCA,8350.0,8500.0,8325.0,8475.0,114209700.0,8491.25,8002.0,0.008928571428571397,0.24439377232328818
2025-11-20,BBCA,8475.0,8600.0,8400.0,8425.0,124087400.0,8496.25,8013.5,-0.005899705014749235,0.24041640819445062
2025-11-21,BBCA,8375.0,8425.0,8350.0,8400.0,103917100.0,8502.5,8023.0,-0.0029673590504450953,0.23953166287974387
2025-11-24,BBCA,8400.0,8475.0,8350.0,8475.0,279590600.0,8508.75,8032.0,0.008928571428571397,0.23947085033863996
2025-11-25,BBCA,8475.0,8500.0,8375.0,8500.0,98807700.0,8520.0,8043.5,0.002949852507374562,0.23670237374696465
2025-11-26,BBCA,8400.0,8450.0,8375.0,8425.0,77094400.0,8511.25,8055.0,-0.008823529411764675,0.19213081668176543
2025-11-27,BBCA,8425.0,8450.0,8325.0,8325.0,71051300.0,8501.25,8067.5,-0.011869436201780381,0.1941327625346316
2025-11-28,BBCA,8325.0,8350.0,8275.0,8275.0,67559300.0,8488.75,8077.0,-0.006006006006005982,0.19484451196341152
2025-12-01,BBCA,8450.0,8450.0,8350.0,8400.0,76359200.0,8476.25,8090.5,0.015105740181268867,0.19533506168767978
2025-12-02,BBCA,8350.0,8425.0,8350.0,8375.0,97044000.0,8462.5,8100.5,-0.0029761904761904656,0.1953391925924159
2025-12-03,BBCA,8350.0,8400.0,8300.0,8300.0,103550900.0,8442.5,8111.0,-0.008955223880596996,0.19501574899945645
2025-12-04,BBCA,8325.0,8350.0,8225.0,8225.0,71410400.0,8426.25,8121.5,-0.009036144578313254,0.18873998369106362
2025-12-05,BBCA,8200.0,8300.0,8200.0,8300.0,71162300.0,8407.5,8135.0,0.00911854103343468,0.1832974393690759
2025-12-08,BBCA,8350.0,8350.0,8250.0,8300.0,61745200.0,8393.75,8145.5,0.0,0.18000804647945914
2025-12-09,BBCA,8300.0,8300.0,8100.0,8100.0,113057200.0,8378.75,8155.0,-0.02409638554216864,0.185519788480592
2025-12-10,BBCA,8100.0,8175.0,8025.0,8075.0,143418300.0,8357.5,8166.5,-0.0030864197530864335,0.17837776215325268
2025-12-11,BBCA,8175.0,8200.0,7900.0,8000.0,140766000.0,8338.75,8176.5,-0.009287925696594423,0.17445474506986697
2025-12-12,BBCA,7900.0,8000.0,7850.0,8000.0,100006800.0,8317.5,8186.0,0.0,0.17200254591594002
2025-12-15,BBCA,7925.0,8300.0,7925.0,8300.0,143105700.0,8303.75,8202.0,0.03750000000000009,0.21235793948494547
2025-12-16,BBCA,8375.0,8375.0,8025.0,8075.0,122332000.0,8287.5,8212.0,-0.027108433734939763,0.22139181768017255
2025-12-17,BBCA,8000.0,8125.0,7975.0,8025.0,89802700.0,8265.0,8225.0,-0.006191950464396245,0.2180830573013832
2025-12-18,BBCA,8025.0,8250.0,8025.0,8175.0,88497200.0,8252.5,8237.5,0.01869158878504673,0.23032647344382476
2025-12-19,BBCA,8200.0,8225.0,8050.0,8050.0,131069800.0,8235.0,8250.5,-0.015290519877675823,0.23552975503657989
2025-12-22,BBCA,8050.0,8175.0,8025.0,8175.0,72424200.0,8220.0,8267.5,0.01552795031055898,0.24070716863180397
2025-12-23,BBCA,8100.0,8125.0,7975.0,8025.0,85044100.0,8196.25,8283.0,-0.01834862385321101,0.24704911430857174
2025-12-24,BBCA,8025.0,8075.0,8000.0,8025.0,71260500.0,8176.25,8298.5,0.0,0.24615898420175183
2025-12-29,BBCA,8025.0,8025.0,7950.0,8025.0,78399400.0,8161.25,8313.0,0.0,0.24364172285512029
2025-12-30,BBCA,7950.0,8175.0,7950.0,8075.0,101995600.0,8151.25,8324.5,0.006230529595015577,0.244657671245453
2026-01-02,BBCA,8075.0,8075.0,8000.0,8025.0,68612400.0,8132.5,8327.5,-0.006191950464396245,0.23751097258169698
2026-01-05,BBCA,8000.0,8100.0,8000.0,8075.0,73408800.0,8117.5,8319.5,0.006230529595015577,0.2393404098035921
2026-01-06,BBCA,8175.0,8175.0,8075.0,8175.0,97624300.0,8111.25,8319.0,0.01238390092879249,0.2427403374059142
2026-01-07,BBCA,8125.0,8175.0,8025.0,8150.0,93152500.0,8107.5,8315.5,-0.003058103975535187,0.24092107990147832
2026-01-08,BBCA,8100.0,8150.0,8050.0,8050.0,79823700.0,8095.0,8311.0,-0.012269938650306789,0.2417346645661841
2026-01-09,BBCA,8125.0,8175.0,8050.0,8125.0,79484700.0,8086.25,8306.5,0.009316770186335477,0.24470363887882854
2026-01-12,BBCA,8075.0,8100.0,8000.0,8025.0,82935700.0,8082.5,8301.5,-0.012307692307692353,0.23322431280186273
2026-01-13,BBCA,8025.0,8075.0,8000.0,8075.0,80536300.0,8082.5,8291.0,0.006230529595015577,0.23412444500241922
2026-01-14,BBCA,8025.0,8050.0,7950.0,8000.0,105724300.0,8082.5,8280.5,-0.009287925696594423,0.23412444500241922
2026-01-15,BBCA,8000.0,8175.0,7975.0,8075.0,151753100.0,8086.25,8271.5,0.009374999999999911,0.23642357048236523
2026-01-19,BBCA,8075.0,8125.0,7975.0,8125.0,172100000.0,8077.5,8261.0,0.006191950464396356,0.1938503822262294
2026-01-20,BBCA,8050.0,8125.0,8000.0,8000.0,82672500.0,8073.75,8248.0,-0.01538461538461533,0.1766024863423926
2026-01-21,BBCA,7925.0,7950.0,7700.0,7700.0,301825600.0,8057.5,8228.0,-0.03749999999999998,0.21986970574102274
2026-01-22,BBCA,7700.0,7775.0,7600.0,7650.0,268025900.0,8031.25,8210.0,-0.00649350649350644,0.20622648302315652
2026-01-23,BBCA,7600.0,7675.0,7550.0,7650.0,202878600.0,8011.25,8189.5,0.0,0.20145572357566147
2026-01-26,BBCA,7550.0,7675.0,7525.0,7650.0,213044100.0,7985.0,8171.0,0.0,0.19028942469947943
2026-01-27,BBCA,7575.0,7625.0,7500.0,7500.0,259830900.0,7958.75,8153.0,-0.019607843137254943,0.19166264710260372
2026-01-28,BBCA,7050.0,7400.0,6925.0,7025.0,1027287500.0,7908.75,8123.5,-0.06333333333333335,0.2858646735288735
2026-01-29,BBCA,6675.0,7275.0,6375.0,7200.0,1432993400.0,7867.5,8100.0,0.02491103202846978,0.30629320103378865
2026-01-30,BBCA,7200.0,7600.0,7200.0,7400.0,528434900.0,7833.75,8079.5,0.02777777777777768,0.32590639320077197
2026-02-02,BBCA,7600.0,7600.0,7325.0,7600.0,326948700.0,7812.5,8060.0,0.027027027027026973,0.3439775145099318
2026-02-03,BBCA,7600.0,7650.0,7375.0,7650.0,206015400.0,7791.25,8045.0,0.006578947368421018,0.3440968709112437
2026-02-04,BBCA,7650.0,7825.0,7600.0,7800.0,193370800.0,7772.5,8031.5,0.019607843137254832,0.34915189182853484
2026-02-05,BBCA,7800.0,7925.0,7800.0,7800.0,142332400.0,7755.0,8019.0,0.0,0.34921064436626154
2026-02-06,BBCA,7700.0,7775.0,7600.0,7675.0,176352600.0,7736.25,8004.5,-0.01602564102564108,0.3509317419800538
2026-02-09,BBCA,7675.0,7725.0,7450.0,7500.0,174758300.0,7705.0,7985.0,-0.0228013029315961,0.3555063103657436
2026-02-10,BBCA,7500.0,7550.0,7450.0,7475.0,127704200.0,7677.5,7964.5,-0.0033333333333332993,0.3540661107288234
2026-02-11,BBCA,7475.0,7525.0,7400.0,7450.0,213505000.0,7646.25,7945.0,-0.0033444816053511683,0.3522732979496228
2026-02-12,BBCA,7450.0,7475.0,7300.0,7325.0,237465300.0,7612.5,7925.0,-0.016778523489932917,0.35482029658404923
2026-02-13,BBCA,7325.0,7325.0,7200.0,7200.0,356015300.0,7568.75,7903.5,-0.017064846416382284,0.35385762935676585
2026-02-18,BBCA,7225.0,7375.0,7225.0,7275.0,125301200.0,7526.25,7881.0,0.01041666666666674,0.3560168366852332
2026-02-19,BBCA,7325.0,7325.0,7175.0,7175.0,133463400.0,7485.0,7857.0,-0.013745704467353903,0.3554461896259183
2026-02-20,BBCA,7175.0,7250.0,7150.0,7225.0,122959500.0,7461.25,7835.5,0.006968641114982521,0.33636306074385997
2026-02-23,BBCA,7300.0,7350.0,7275.0,7300.0,100443800.0,7443.75,7817.0,0.01038062283737018,0.3393332668715342
2026-02-24,BBCA,7275.0,7325.0,7225.0,7225.0,159225400.0,7422.5,7795.5,-0.010273972602739767,0.34044051617801774
2026-02-25,BBCA,7275.0,7375.0,7250.0,7325.0,133278000.0,7406.25,7776.0,0.01384083044982698,0.3453691444686051
2026-02-26,BBCA,7350.0,7375.0,7200.0,7300.0,127811900.0,7396.25,7760.0,-0.0034129692832765013,0.33910846960331265
2026-02-27,BBCA,7200.0,7275.0,7175.0,7175.0,193104700.0,7403.75,7742.0,-0.017123287671232834,0.25622790934111683
2026-03-02,BBCA,7075.0,7150.0,6975.0,7025.0,156182700.0,7395.0,7722.5,-0.020905923344947785,0.2515179375696353
2026-03-03,BBCA,7075.0,7125.0,7025.0,7075.0,103031100.0,7378.75,7704.0,0.007117437722419906,0.22979887723685152
2026-03-04,BBCA,7075.0,7075.0,6825.0,6875.0,216518700.0,7342.5,7675.5,-0.028268551236749095,0.2203319624084034
2026-03-05,BBCA,6975.0,7125.0,6950.0,7100.0,110256300.0,7315.0,7656.0,0.032727272727272716,0.25520395241241095
2026-03-06,BBCA,7075.0,7100.0,7000.0,7000.0,102725700.0,7275.0,7635.5,-0.014084507042253502,0.24225969515131227
2026-03-09,BBCA,6900.0,6950.0,6825.0,6875.0,150426400.0,7228.75,7609.5,-0.017857142857142905,0.2453648750112136
2026-03-10,BBCA,6950.0,7050.0,6925.0,6975.0,129977900.0,7193.75,7588.0,0.014545454545454639,0.25297094980133694
2026-03-11,BBCA,6975.0,7000.0,6825.0,6825.0,91723400.0,7160.0,7561.0,-0.021505376344086002,0.25177665908778263
2026-03-12,BBCA,6825.0,7025.0,6825.0,6900.0,98787400.0,7131.25,7538.5,0.01098901098901095,0.25778223854277754
2026-03-13,BBCA,6850.0,7025.0,6850.0,6875.0,107940600.0,7102.5,7515.5,-0.0036231884057971175,0.2577766158644636
2026-03-16,BBCA,6850.0,6875.0,6700.0,6750.0,127757500.0,7073.75,7490.0,-0.018181818181818188,0.2587539868589361
2026-03-17,BBCA,6750.0,6825.0,6750.0,6775.0,160903900.0,7052.5,7464.0,0.0037037037037037646,0.255274296420261
2026-03-25,BBCA,6675.0,6925.0,6675.0,6900.0,314281100.0,7033.75,7441.5,0.01845018450184499,0.26233382226175045
2026-03-26,BBCA,6900.0,6975.0,6850.0,6875.0,145934900.0,7018.75,7417.5,-0.0036231884057971175,0.2590250181508041
2026-03-27,BBCA,6775.0,6850.0,6700.0,6700.0,283556500.0,6992.5,7388.0,-0.025454545454545507,0.26948164005881153
2026-03-30,BBCA,6400.0,6500.0,6350.0,6450.0,242278100.0,6950.0,7354.0,-0.03731343283582089,0.28906554809480234
2026-03-31,BBCA,6450.0,6550.0,6450.0,6450.0,150657800.0,6911.25,7322.0,0.0,0.28935713353209586
2026-04-01,BBCA,6550.0,6650.0,6500.0,6500.0,132798100.0,6870.0,7289.5,0.007751937984496138,0.2847296976395798
2026-04-02,BBCA,6550.0,6600.0,6500.0,6575.0,72725400.0,6833.75,7260.5,0.011538461538461497,0.2912657717172994
2026-04-06,BBCA,6600.0,6625.0,6450.0,6500.0,57914600.0,6800.0,7229.0,-0.011406844106463865,0.28882110842743947
2026-04-07,BBCA,6500.0,6525.0,6450.0,6500.0,65168700.0,6773.75,7199.0,0.0,0.28280080765466253
2026-04-08,BBCA,6650.0,6850.0,6625.0,6750.0,163594000.0,6757.5,7172.5,0.03846153846153855,0.31838635701008644
2026-04-09,BBCA,6775.0,6800.0,6450.0,6475.0,182409800.0,6737.5,7139.5,-0.040740740740740744,0.3346168962021685
2026-04-10,BBCA,6525.0,6700.0,6475.0,6700.0,167336100.0,6717.5,7113.5,0.03474903474903468,0.33752671549094865
2026-04-13,BBCA,6650.0,6700.0,6575.0,6575.0,81955300.0,6696.25,7091.0,-0.018656716417910446,0.339957147031625
2026-04-14,BBCA,6675.0,6800.0,6675.0,6750.0,105010900.0,6690.0,7073.0,0.026615969581748944,0.35050970683351274
2026-04-15,BBCA,6775.0,6800.0,6550.0,6550.0,104880600.0,6668.75,7051.0,-0.029629629629629672,0.35999730695157933
2026-04-16,BBCA,6575.0,6650.0,6500.0,6525.0,122416100.0,6653.75,7028.5,-0.003816793893129722,0.353281224163424
2026-04-17,BBCA,6500.0,6550.0,6425.0,6425.0,156827000.0,6630.0,7007.0,-0.01532567049808431,0.35278801327230774
2026-04-20,BBCA,6450.0,6575.0,6425.0,6475.0,137435700.0,6610.0,6996.0,0.0077821011673151474,0.3549763520681799
2026-04-21,BBCA,6475.0,6525.0,6425.0,6500.0,112151900.0,6597.5,6982.0,0.0038610038610038533,0.3508703186833549
2026-04-22,BBCA,6475.0,6525.0,6450.0,6450.0,95673700.0,6581.25,6963.0,-0.007692307692307665,0.3508947517091558
2026-04-23,BBCA,6450.0,6550.0,6425.0,6425.0,95913400.0,6557.5,6939.5,-0.003875968992248069,0.3422932967993161
2026-04-24,BBCA,6400.0,6425.0,6050.0,6050.0,435004800.0,6516.25,6907.5,-0.05836575875486383,0.394127795791551
2026-04-27,BBCA,6025.0,6050.0,5950.0,5975.0,273263100.0,6480.0,6871.0,-0.012396694214875992,0.38829474491974336
2026-04-28,BBCA,6025.0,6075.0,5950.0,6000.0,174091200.0,6457.5,6835.0,0.004184100418409997,0.3706296842771653
2026-04-29,BBCA,6000.0,6050.0,5950.0,5975.0,176050900.0,6433.75,6801.0,-0.004166666666666652,0.37042550439906397
2026-04-30,BBCA,5950.0,5975.0,5800.0,5850.0,303405400.0,6401.25,6768.0,-0.02092050209205021,0.3727904677057084
2026-05-04,BBCA,5800.0,5950.0,5800.0,5900.0,207566700.0,6367.5,6736.5,0.008547008547008517,0.3711790795334617
2026-05-05,BBCA,5900.0,6075.0,5875.0,5950.0,179928300.0,6340.0,6706.5,0.008474576271186418,0.3734288931228899
2026-05-06,BBCA,5950.0,6000.0,5900.0,5950.0,90843100.0,6312.5,6679.0,0.0,0.3734288931228899
2026-05-07,BBCA,6000.0,6325.0,6000.0,6225.0,238690900.0,6286.25,6659.5,0.04621848739495804,0.38597185012022955
2026-05-08,BBCA,6225.0,6425.0,6175.0,6175.0,201784700.0,6271.25,6637.5,-0.008032128514056214,0.3610630746264664
2026-05-11,BBCA,6225.0,6275.0,6100.0,6150.0,126301300.0,6243.75,6617.0,-0.004048582995951455,0.3337458705448299
2026-05-12,BBCA,6125.0,6150.0,6050.0,6125.0,107394400.0,6221.25,6595.0,-0.004065040650406471,0.32927201603183665
2026-05-13,BBCA,6125.0,6200.0,6025.0,6100.0,147339600.0,6188.75,6571.0,-0.004081632653061273,0.30968792376783166
2026-05-14,BBCA,6100.0,6100.0,6100.0,6100.0,0.0,6166.25,6548.5,0.0,0.29581443067245533
2026-05-15,BBCA,6100.0,6100.0,6100.0,6100.0,0.0,6145.0,6524.0,0.0,0.29605087328942276
2026-05-18,BBCA,5950.0,6125.0,5900.0,6125.0,208748400.0,6130.0,6500.5,0.004098360655737654,0.29351286579020003
2026-05-19,BBCA,6050.0,6200.0,5950.0,5950.0,184830100.0,6103.75,6476.0,-0.02857142857142858,0.30520907729807595
2026-05-20,BBCA,5975.0,6100.0,5875.0,5975.0,195107100.0,6077.5,6455.0,0.004201680672268893,0.3053284441495433
2026-05-21,BBCA,6000.0,6150.0,5925.0,5950.0,210976100.0,6052.5,6432.5,-0.004184100418409997,0.30502331002374616
2026-05-22,BBCA,5900.0,5975.0,5825.0,5900.0,288919700.0,6026.25,6413.0,-0.008403361344537785,0.30545163034970885
2026-05-25,BBCA,5950.0,6175.0,5925.0,6100.0,263179200.0,6028.75,6393.0,0.03389830508474567,0.26017112530889247
2026-05-26,BBCA,6050.0,6100.0,5950.0,5975.0,225158700.0,6028.75,6372.5,-0.020491803278688492,0.26700586458323283
2026-05-27,BBCA,5975.0,5975.0,5975.0,5975.0,0.0,6027.5,6354.5,0.0,0.26657658244340116
2026-05-28,BBCA,5975.0,5975.0,5975.0,5975.0,0.0,6027.5,6334.5,0.0,0.2661385649021752
2026-05-29,BBCA,5750.0,5875.0,5700.0,5700.0,1014028000.0,6020.0,6312.0,-0.046025104602510414,0.3046150284098349
2026-06-02,BBCA,5750.0,5875.0,5700.0,5825.0,346305200.0,6016.25,6290.5,0.021929824561403466,0.3138150398870831
2026-06-03,BBCA,5775.0,5825.0,5525.0,5525.0,353332300.0,5995.0,6263.5,-0.05150214592274682,0.35999932527404405
2026-06-04,BBCA,5475.0,5600.0,5300.0,5425.0,550059500.0,5968.75,6237.0,-0.018099547511312264,0.3634135261685614
2026-06-05,BBCA,5325.0,5375.0,5075.0,5075.0,572612000.0,5911.25,6203.0,-0.06451612903225812,0.3714974772663846
2026-06-08,BBCA,4950.0,5050.0,4850.0,4850.0,705093300.0,5845.0,6162.0,-0.044334975369458074,0.3909249409818654
2026-06-09,BBCA,4850.0,5150.0,4820.0,5150.0,772898000.0,5795.0,6127.5,0.061855670103092786,0.4700447507468804
2026-06-10,BBCA,5175.0,5700.0,5175.0,5650.0,747366000.0,5771.25,6106.5,0.09708737864077666,0.6012766113622326
2026-06-11,BBCA,5650.0,5875.0,5550.0,5825.0,543032300.0,5757.5,6094.0,0.030973451327433565,0.6134682685938585
2026-06-12,BBCA,6000.0,6100.0,5900.0,5925.0,415872300.0,5748.75,6083.5,0.01716738197424883,0.6170796599892028
2026-06-15,BBCA,6100.0,6425.0,6100.0,6275.0,480395000.0,5757.5,6079.0,0.05907172995780585,0.6526279932382006
2026-06-17,BBCA,6400.0,6550.0,6275.0,6275.0,467494300.0,5765.0,6073.0,0.0,0.652632667440862
2026-06-18,BBCA,6250.0,6275.0,6075.0,6075.0,232489300.0,5771.25,6064.5,-0.031872509960159334,0.6547854263957377
2026-06-19,BBCA,6050.0,6300.0,6050.0,6300.0,366595500.0,5787.5,6060.5,0.03703703703703698,0.6666241310839951
2026-06-22,BBCA,6400.0,6400.0,6125.0,6225.0,193401600.0,5801.25,6050.0,-0.011904761904761862,0.6683624186922584
2026-06-23,BBCA,6150.0,6200.0,6075.0,6125.0,144561900.0,5812.5,6043.0,-0.016064257028112428,0.6706594897708978
2026-06-24,BBCA,6125.0,6200.0,5925.0,5925.0,144928800.0,5803.75,6027.5,-0.03265306122448974,0.6712173943590993
2026-06-25,BBCA,5900.0,6175.0,5900.0,6025.0,197935000.0,5806.25,6016.5,0.016877637130801704,0.6696469961323888
2026-06-26,BBCA,6050.0,6175.0,6025.0,6175.0,163378700.0,5816.25,6005.0,0.024896265560165887,0.6748410646996801
2026-06-29,BBCA,6175.0,6200.0,5925.0,5925.0,189886600.0,5813.75,5992.5,-0.04048582995951422,0.6919132284855226
2026-06-30,BBCA,5775.0,5825.0,5550.0,5550.0,440738300.0,5806.25,5973.0,-0.06329113924050633,0.7097858870344177
2026-07-01,BBCA,5550.0,5750.0,5550.0,5600.0,124123800.0,5795.0,5956.5,0.009009009009008917,0.7058676440879585
2026-07-02,BBCA,5650.0,5875.0,5625.0,5800.0,145119400.0,5808.75,5943.0,0.03571428571428581,0.690899402037836
2026-07-03,BBCA,5925.0,6150.0,5900.0,6050.0,200465200.0,5840.0,5934.0,0.0431034482758621,0.6998280051316024
2026-07-06,BBCA,6050.0,6175.0,5975.0,6125.0,148684900.0,5892.5,5927.5,0.012396694214876103,0.6478002054200548
2026-07-07,BBCA,6200.0,6300.0,6150.0,6300.0,183472100.0,5965.0,5925.0,0.02857142857142847,0.6173287145064046
2026-07-08,BBCA,6300.0,6325.0,6175.0,6175.0,181123400.0,6016.25,5927.5,-0.019841269841269882,0.6010084385617541
2026-07-09,BBCA,6100.0,6200.0,6050.0,6200.0,181155800.0,6043.75,5932.0,0.004048582995951344,0.5048076198496294
2026-07-10,BBCA,6300.0,6300.0,6125.0,6175.0,138050500.0,6061.25,5935.5,-0.0040322580645161255,0.49626646733401797
2026-07-13,BBCA,6150.0,6250.0,6075.0,6225.0,180061600.0,6076.25,5940.5,0.00809716599190291,0.4939651233614915
2026-07-14,BBCA,6225.0,6250.0,6075.0,6125.0,159868800.0,6068.75,5946.0,-0.016064257028112428,0.4508287629440635
2026-07-15,BBCA,6125.0,6200.0,6075.0,6125.0,140824900.0,6061.25,5950.5,0.0,0.4508287629440635
2026-07-16,BBCA,6125.0,6225.0,6100.0,6225.0,94235100.0,6068.75,5956.0,0.01632653061224487,0.43911269412696335
2026-07-17,BBCA,6225.0,6500.0,6200.0,6475.0,314564200.0,6077.5,5966.5,0.04016064257028118,0.4425835517037475
2026-07-20,BBCA,6525.0,6625.0,6475.0,6475.0,298183300.0,6090.0,5971.5,0.0,0.43972266065811083
2026-07-21,BBCA,6550.0,6550.0,6425.0,6525.0,146064700.0,6110.0,5978.5,0.007722007722007707,0.43459578809647875
2026-07-22,BBCA,6525.0,6550.0,6400.0,6500.0,112178900.0,6138.75,5985.5,-0.003831417624521105,0.41434132615300945
2026-07-23,BBCA,6450.0,6475.0,6250.0,6275.0,207037900.0,6151.25,5988.5,-0.0346153846153846,0.43453608870423444
2026-07-24,BBCA,6200.0,6300.0,6125.0,6275.0,191428900.0,6156.25,5992.0,0.0,0.42634599597943307
2026-07-27,BBCA,6225.0,6325.0,6125.0,6300.0,125142500.0,6175.0,5996.0,0.003984063745019917,0.39695647455638283
2026-07-28,BBCA,6250.0,6300.0,6200.0,6225.0,122920300.0,6208.75,5998.5,-0.011904761904761862,0.3161903172512917
2026-07-29,BBCA,6175.0,6300.0,6175.0,6275.0,122379600.0,6242.5,6001.5,0.008032128514056325,0.31608364583124177
2026-07-30,BBCA,6325.0,6450.0,6250.0,6450.0,152663200.0,6275.0,6011.5,0.027888446215139417,0.3073922583714001
2026-07-31,BBCA,6425.0,6450.0,6325.0,6325.0,153174800.0,6288.75,6018.5,-0.019379844961240345,0.28523676102493517
2026-08-03,BBCA,6300.0,6325.0,6275.0,6300.0,68143700.0,6297.5,6025.5,-0.0039525691699604515,0.28351891049594163
2026-08-04,BBCA,6375.0,6500.0,6350.0,6500.0,138953100.0,6307.5,6037.5,0.031746031746031855,0.28772306906724654
2026-08-05,BBCA,6500.0,6500.0,6425.0,6450.0,101666100.0,6321.25,6044.5,-0.007692307692307665,0.27874013069482123
2026-08-06,BBCA,6450.0,6475.0,6350.0,6350.0,80734000.0,6328.75,6052.0,-0.015503875968992276,0.2856920188163977
2026-08-07,BBCA,6375.0,6450.0,6350.0,6425.0,14867900.0,6341.25,6061.0,0.011811023622047223,0.2872648510429802
2025-08-07,BBNI,4120.0,4140.0,4100.0,4120.0,21207800.0,4120.0,4120.0,,
2025-08-08,BBNI,4090.0,4100.0,4070.0,4070.0,43531000.0,4095.0,4095.0,-0.012135922330097082,
2025-08-11,BBNI,4090.0,4220.0,4080.0,4200.0,61703500.0,4130.0,4130.0,0.03194103194103204,0.4947625846052025
2025-08-12,BBNI,4220.0,4420.0,4210.0,4360.0,120908000.0,4187.5,4187.5,0.03809523809523818,0.4349258654220334
2025-08-13,BBNI,4390.0,4420.0,4310.0,4370.0,54042400.0,4224.0,4224.0,0.002293577981651307,0.37990526783284323
2025-08-14,BBNI,4400.0,4400.0,4360.0,4390.0,43156900.0,4251.666666666667,4251.666666666667,0.004576659038901587,0.33730227722634676
2025-08-15,BBNI,4370.0,4450.0,4370.0,4370.0,62301400.0,4268.571428571428,4268.571428571428,-0.004555808656036442,0.32232802507605834
2025-08-19,BBNI,4360.0,4360.0,4280.0,4330.0,34407300.0,4276.25,4276.25,-0.009153318077803174,0.3159674962841564
2025-08-20,BBNI,4290.0,4450.0,4290.0,4430.0,52897600.0,4293.333333333333,4293.333333333333,0.023094688221708903,0.30567483319975636
2025-08-21,BBNI,4420.0,4490.0,4400.0,4490.0,60899400.0,4313.0,4313.0,0.013544018058690765,0.2868258416705535
2025-08-22,BBNI,4500.0,4500.0,4380.0,4390.0,32633000.0,4320.0,4320.0,-0.022271714922049046,0.3145774217252403
2025-08-25,BBNI,4460.0,4520.0,4440.0,4450.0,53434200.0,4330.833333333333,4330.833333333333,0.013667425968109326,0.3003762913112262
2025-08-26,BBNI,4430.0,4540.0,4370.0,4540.0,85603900.0,4346.923076923077,4346.923076923077,0.020224719101123556,0.29255982275043724
2025-08-27,BBNI,4500.0,4500.0,4400.0,4450.0,45966700.0,4354.285714285715,4354.285714285715,-0.01982378854625555,0.30621149842785556
2025-08-28,BBNI,4480.0,4500.0,4450.0,4460.0,37274600.0,4361.333333333333,4361.333333333333,0.0022471910112360494,0.29465581748895214
2025-08-29,BBNI,4440.0,4460.0,4350.0,4380.0,60711900.0,4362.5,4362.5,-0.017937219730941756,0.3001958466001587
2025-09-01,BBNI,4170.0,4400.0,4150.0,4320.0,60513100.0,4360.0,4360.0,-0.013698630136986356,0.29863985839442775
2025-09-02,BBNI,4340.0,4430.0,4290.0,4310.0,28513000.0,4357.222222222223,4357.222222222223,-0.0023148148148147696,0.2899161899651084
2025-09-03,BBNI,4320.0,4410.0,4320.0,4410.0,29754100.0,4360.0,4360.0,0.023201856148491906,0.29142409458762736
2025-09-04,BBNI,4410.0,4410.0,4340.0,4370.0,17346200.0,4360.5,4360.5,-0.009070294784580546,0.2871519589176485
2025-09-08,BBNI,4430.0,4440.0,4050.0,4180.0,55687200.0,4363.5,4351.9047619047615,-0.04347826086956519,0.32502271911560426
2025-09-09,BBNI,4160.0,4200.0,4020.0,4080.0,102884200.0,4364.0,4339.545454545455,-0.02392344497607657,0.3338765229623725
2025-09-10,BBNI,4100.0,4140.0,4080.0,4100.0,64536400.0,4359.0,4329.130434782609,0.004901960784313708,0.31307305812752273
2025-09-11,BBNI,4210.0,4430.0,4210.0,4420.0,130159900.0,4362.0,4332.916666666667,0.07804878048780495,0.39947715636210107
2025-09-12,BBNI,4430.0,4530.0,4330.0,4520.0,109797000.0,4369.5,4340.4,0.02262443438914019,0.4068160000722379
2025-09-15,BBNI,4550.0,4600.0,4410.0,4410.0,74523200.0,4370.5,4343.076923076923,-0.02433628318584069,0.4171959832756112
2025-09-16,BBNI,4440.0,4450.0,4320.0,4370.0,52083500.0,4370.5,4344.074074074074,-0.009070294784580546,0.41823518169127594
2025-09-17,BBNI,4390.0,4450.0,4330.0,4450.0,54546000.0,4376.5,4347.857142857143,0.01830663615560635,0.42132933427430763
2025-09-18,BBNI,4480.0,4490.0,4250.0,4340.0,90929900.0,4372.0,4347.586206896552,-0.024719101123595544,0.42330204025447987
2025-09-19,BBNI,4250.0,4290.0,4210.0,4270.0,100584800.0,4361.0,4345.0,-0.016129032258064502,0.42316891816947455
2025-09-22,BBNI,4270.0,4280.0,4170.0,4210.0,63520200.0,4352.0,4340.645161290323,-0.014051522248243575,0.4189770417015292
2025-09-23,BBNI,4210.0,4240.0,4170.0,4200.0,39154400.0,4339.5,4336.25,-0.002375296912114022,0.4149899312006155
2025-09-24,BBNI,4220.0,4230.0,4170.0,4190.0,28653700.0,4322.0,4331.818181818182,-0.0023809523809523725,0.40618657449562934
2025-09-25,BBNI,4180.0,4190.0,4140.0,4190.0,35633900.0,4309.0,4327.64705882353,0.0,0.4018206190647616
2025-09-26,BBNI,4150.0,4180.0,4110.0,4180.0,39380500.0,4295.0,4323.428571428572,-0.0023866348448687846,0.4013991937207082
2025-09-29,BBNI,4160.0,4170.0,4110.0,4170.0,41037000.0,4284.5,4319.166666666667,-0.0023923444976076125,0.39746911040006705
2025-09-30,BBNI,4170.0,4170.0,4100.0,4100.0,60162600.0,4273.5,4313.243243243243,-0.016786570743405282,0.3988067339579377
2025-10-01,BBNI,4050.0,4120.0,4050.0,4050.0,37812400.0,4260.5,4306.315789473684,-0.012195121951219523,0.40034531572718757
2025-10-02,BBNI,4050.0,4100.0,4040.0,4040.0,34730200.0,4242.0,4299.48717948718,-0.0024691358024691024,0.3884152767128845
2025-10-03,BBNI,4060.0,4080.0,4010.0,4040.0,26763100.0,4225.5,4293.0,0.0,0.3882083952247722
2025-10-06,BBNI,4040.0,4090.0,4000.0,4000.0,35060200.0,4216.5,4285.8536585365855,-0.00990099009900991,0.35976209428014316
2025-10-07,BBNI,4030.0,4040.0,3970.0,3990.0,41251900.0,4212.0,4278.809523809524,-0.0024999999999999467,0.3503301372625432
2025-10-08,BBNI,4000.0,4010.0,3930.0,3940.0,28812600.0,4204.0,4270.930232558139,-0.01253132832080206,0.3519685876800243
2025-10-09,BBNI,3910.0,4150.0,3860.0,4100.0,106114200.0,4188.0,4267.045454545455,0.04060913705583746,0.24956054511724216
2025-10-10,BBNI,4090.0,4090.0,3950.0,3970.0,48778300.0,4160.5,4260.444444444444,-0.03170731707317076,0.24825464829293273
2025-10-13,BBNI,3920.0,3940.0,3870.0,3900.0,38351600.0,4135.0,4252.608695652174,-0.017632241813602012,0.2428955465909587
2025-10-14,BBNI,3910.0,3940.0,3800.0,3800.0,69452000.0,4106.5,4242.978723404255,-0.02564102564102566,0.25258818263796246
2025-10-15,BBNI,3810.0,3840.0,3720.0,3770.0,84578200.0,4072.5,4233.125,-0.007894736842105288,0.23445766861944484
2025-10-16,BBNI,3790.0,3890.0,3760.0,3850.0,55980800.0,4048.0,4225.306122448979,0.021220159151193574,0.247741137418876
2025-10-17,BBNI,3870.0,3900.0,3800.0,3800.0,60733400.0,4024.5,4216.8,-0.012987012987012991,0.24625991919932175
2025-10-20,BBNI,3870.0,4110.0,3860.0,4040.0,146203400.0,4016.0,4215.2,0.06315789473684208,0.3444589330661162
2025-10-21,BBNI,4110.0,4130.0,4030.0,4050.0,88064800.0,4008.5,4214.8,0.0024752475247524774,0.3447890512065925
2025-10-22,BBNI,4070.0,4150.0,4000.0,4030.0,81226400.0,4000.5,4211.4,-0.004938271604938316,0.34498559773802046
2025-10-23,BBNI,4030.0,4250.0,4020.0,4240.0,130641200.0,4003.0,4209.0,0.05210918114143914,0.3944782763862398
2025-10-24,BBNI,4220.0,4440.0,4210.0,4370.0,177603900.0,4012.5,4209.0,0.030660377358490587,0.4080559539057529
2025-10-27,BBNI,4440.0,4450.0,4270.0,4370.0,102355700.0,4022.5,4208.6,0.0,0.4077612358705466
2025-10-28,BBNI,4390.0,4440.0,4340.0,4370.0,58463900.0,4036.0,4208.6,0.0,0.40145219115048353
2025-10-29,BBNI,4380.0,4440.0,4320.0,4440.0,71743700.0,4055.5,4210.8,0.016018306636155666,0.3993161771290627
2025-10-30,BBNI,4420.0,4530.0,4370.0,4410.0,91042600.0,4074.0,4210.4,-0.006756756756756799,0.40065377234730243
2025-10-31,BBNI,4400.0,4450.0,4350.0,4380.0,69141700.0,4091.0,4208.2,-0.006802721088435382,0.40243321952665395
2025-11-03,BBNI,4390.0,4460.0,4380.0,4430.0,40455000.0,4112.5,4209.0,0.011415525114155223,0.399525776328353
2025-11-04,BBNI,4430.0,4510.0,4430.0,4450.0,73342900.0,4135.5,4209.0,0.004514672686230181,0.3984574052557392
2025-11-05,BBNI,4400.0,4480.0,4380.0,4460.0,43447700.0,4161.5,4207.4,0.0022471910112360494,0.3928713471921891
2025-11-06,BBNI,4450.0,4480.0,4430.0,4440.0,31809500.0,4178.5,4207.2,-0.004484304932735439,0.3730588807814978
2025-11-07,BBNI,4440.0,4500.0,4440.0,4500.0,36148800.0,4205.0,4208.0,0.013513513513513598,0.34901031657839693
2025-11-10,BBNI,4520.0,4520.0,4410.0,4420.0,45518800.0,4231.0,4208.8,-0.01777777777777778,0.34914419501029575
2025-11-11,BBNI,4450.0,4450.0,4370.0,4420.0,48792200.0,4262.0,4210.8,0.0,0.329124456756055
2025-11-12,BBNI,4410.0,4480.0,4400.0,4460.0,35386800.0,4296.5,4213.8,0.009049773755656076,0.32387209260175326
2025-11-13,BBNI,4470.0,4480.0,4420.0,4420.0,20207300.0,4325.0,4214.0,-0.008968609865470878,0.326029956609991
2025-11-14,BBNI,4410.0,4450.0,4370.0,4390.0,34602500.0,4354.5,4214.4,-0.006787330316742057,0.3216718099323597
2025-11-17,BBNI,4390.0,4440.0,4380.0,4390.0,28453300.0,4372.0,4218.6,0.0,0.24571012783889998
2025-11-18,BBNI,4400.0,4470.0,4400.0,4460.0,36957300.0,4392.5,4226.2,0.015945330296127658,0.24903170860696652
2025-11-19,BBNI,4470.0,4470.0,4410.0,4460.0,34300600.0,4414.0,4233.4,0.0,0.24704054486862656
2025-11-20,BBNI,4470.0,4560.0,4450.0,4460.0,54706000.0,4425.0,4234.2,0.0,0.1743404415980595
2025-11-21,BBNI,4450.0,4450.0,4370.0,4390.0,45565700.0,4426.0,4231.6,-0.015695067264574036,0.15150112198416504
2025-11-24,BBNI,4400.0,4440.0,4350.0,4390.0,76652700.0,4427.0,4231.2,0.0,0.15150112198416504
2025-11-25,BBNI,4420.0,4450.0,4370.0,4420.0,36142900.0,4429.5,4232.2,0.006833712984054774,0.15327026405135838
2025-11-26,BBNI,4420.0,4420.0,4370.0,4410.0,31686100.0,4428.0,4231.4,-0.002262443438914019,0.14224026023477962
2025-11-27,BBNI,4420.0,4420.0,4300.0,4350.0,33618200.0,4425.0,4231.6,-0.013605442176870763,0.1483109937161048
2025-11-28,BBNI,4330.0,4350.0,4260.0,4260.0,40758200.0,4419.0,4231.4,-0.020689655172413834,0.1633860475749137
2025-12-01,BBNI,4240.0,4350.0,4240.0,4310.0,19335100.0,4413.0,4233.4,0.011737089201877993,0.16372258847780424
2025-12-02,BBNI,4340.0,4360.0,4250.0,4270.0,39091800.0,4404.0,4234.8,-0.009280742459396807,0.1645215783426203
2025-12-03,BBNI,4270.0,4290.0,4240.0,4260.0,28263900.0,4394.0,4236.2,-0.0023419203747072626,0.16375077710365185
2025-12-04,BBNI,4260.0,4320.0,4240.0,4310.0,23544900.0,4387.5,4238.6,0.011737089201877993,0.1707758433029697
2025-12-05,BBNI,4330.0,4360.0,4290.0,4290.0,28877500.0,4377.0,4240.8,-0.004640371229698403,0.1616197277969317
2025-12-08,BBNI,4360.0,4360.0,4290.0,4310.0,28219300.0,4371.5,4243.6,0.004662004662004726,0.15256059839544156
2025-12-09,BBNI,4310.0,4330.0,4260.0,4320.0,34461400.0,4366.5,4248.0,0.002320185614849146,0.15302733053804388
2025-12-10,BBNI,4350.0,4350.0,4270.0,4310.0,19908000.0,4359.0,4253.2,-0.0023148148148147696,0.14827390260093784
2025-12-11,BBNI,4350.0,4390.0,4190.0,4230.0,43389300.0,4349.5,4257.0,-0.018561484918793503,0.15812178082738326
2025-12-12,BBNI,4290.0,4290.0,4170.0,4240.0,23240100.0,4342.0,4261.0,0.0023640661938533203,0.1578965377196754
2025-12-15,BBNI,4270.0,4450.0,4230.0,4440.0,57531500.0,4344.5,4269.8,0.04716981132075482,0.23469199136917476
2025-12-16,BBNI,4440.0,4460.0,4330.0,4400.0,36287500.0,4341.5,4278.0,-0.009009009009009028,0.22981380912373683
2025-12-17,BBNI,4400.0,4420.0,4340.0,4370.0,27653900.0,4337.0,4286.6,-0.006818181818181834,0.23085804991325895
2025-12-18,BBNI,4360.0,4440.0,4360.0,4380.0,45694900.0,4333.0,4292.2,0.0022883295194509046,0.23112171843317753
2025-12-19,BBNI,4380.0,4410.0,4320.0,4340.0,47290300.0,4330.5,4299.6,-0.0091324200913242,0.22664479697164877
2025-12-22,BBNI,4330.0,4360.0,4290.0,4330.0,28113800.0,4327.5,4308.2,-0.0023041474654378336,0.2267280116647539
2025-12-23,BBNI,4290.0,4320.0,4250.0,4290.0,26801700.0,4321.0,4318.0,-0.009237875288683584,0.22692336199998112
2025-12-24,BBNI,4260.0,4330.0,4260.0,4270.0,18160600.0,4314.0,4328.0,-0.004662004662004615,0.2272045605661656
2025-12-29,BBNI,4270.0,4320.0,4260.0,4260.0,24490400.0,4309.5,4336.2,-0.0023419203747072626,0.2227293147958192
2025-12-30,BBNI,4260.0,4380.0,4250.0,4370.0,44229200.0,4315.0,4347.6,0.025821596244131495,0.22916173294416237
2026-01-02,BBNI,4340.0,4350.0,4260.0,4260.0,32693200.0,4312.5,4352.0,-0.02517162471395884,0.24399236519639392
2026-01-05,BBNI,4260.0,4270.0,4210.0,4230.0,48778200.0,4310.5,4355.6,-0.007042253521126751,0.2430481382936714
2026-01-06,BBNI,4230.0,4260.0,4200.0,4240.0,53908900.0,4309.5,4359.8,0.0023640661938533203,0.24311340207001583
2026-01-07,BBNI,4200.0,4240.0,4200.0,4200.0,39295200.0,4304.0,4359.0,-0.009433962264150941,0.24101811790929017
2026-01-08,BBNI,4200.0,4270.0,4200.0,4210.0,40059400.0,4300.0,4355.8,0.0023809523809523725,0.24097126770168245
2026-01-09,BBNI,4230.0,4240.0,4180.0,4180.0,35407500.0,4293.5,4352.0,-0.0071258907363420665,0.2410389364872998
2026-01-12,BBNI,4190.0,4250.0,4190.0,4220.0,24965900.0,4288.5,4349.0,0.009569377990430672,0.24388844448882302
2026-01-13,BBNI,4250.0,4340.0,4240.0,4340.0,76022000.0,4290.0,4347.0,0.028436018957346043,0.26527841999187607
2026-01-14,BBNI,4340.0,4390.0,4310.0,4360.0,41778700.0,4296.5,4346.0,0.004608294930875667,0.2558029952049982
2026-01-15,BBNI,4380.0,4600.0,4370.0,4540.0,132483000.0,4311.5,4349.2,0.041284403669724856,0.29201551105368484
2026-01-19,BBNI,4540.0,4720.0,4510.0,4620.0,123397300.0,4320.5,4353.0,0.017621145374449254,0.2492181338252064
2026-01-20,BBNI,4620.0,4640.0,4560.0,4570.0,67785900.0,4329.0,4355.4,-0.010822510822510845,0.25037122416708835
2026-01-21,BBNI,4570.0,4590.0,4500.0,4590.0,54281000.0,4340.0,4358.0,0.004376367614879584,0.24827810507894288
2026-01-22,BBNI,4600.0,4670.0,4590.0,4590.0,60255300.0,4350.5,4361.0,0.0,0.24844581886852327
2026-01-23,BBNI,4590.0,4610.0,4520.0,4600.0,37564400.0,4363.5,4363.0,0.002178649237472685,0.2446617197321304
2026-01-26,BBNI,4590.0,4600.0,4520.0,4530.0,79139000.0,4373.5,4365.2,-0.01521739130434785,0.252558623708084
2026-01-27,BBNI,4530.0,4540.0,4470.0,4500.0,40655600.0,4384.0,4366.8,-0.0066225165562914245,0.2511296367119348
2026-01-28,BBNI,4380.0,4550.0,4270.0,4440.0,114151800.0,4392.5,4366.4,-0.013333333333333308,0.25624834657119205
2026-01-29,BBNI,4310.0,4460.0,3990.0,4420.0,242945800.0,4400.5,4366.4,-0.0045045045045044585,0.25685716907807093
2026-01-30,BBNI,4450.0,4590.0,4430.0,4490.0,167017600.0,4406.5,4368.4,0.015837104072398134,0.24680786822594175
2026-02-02,BBNI,4570.0,4580.0,4370.0,4500.0,85790700.0,4418.5,4370.6,0.00222717149220486,0.22585540836906262
2026-02-03,BBNI,4570.0,4630.0,4380.0,4590.0,82653800.0,4436.5,4373.2,0.020000000000000018,0.23051390770901994
2026-02-04,BBNI,4590.0,4650.0,4570.0,4630.0,92915700.0,4456.0,4376.6,0.008714596949890963,0.23094809544550007
2026-02-05,BBNI,4630.0,4730.0,4570.0,4570.0,94551800.0,4474.5,4378.8,-0.01295896328293733,0.23408822762111386
2026-02-06,BBNI,4510.0,4560.0,4470.0,4530.0,59930200.0,4490.5,4381.6,-0.008752735229759279,0.23861166827826139
2026-02-09,BBNI,4570.0,4570.0,4450.0,4520.0,51513700.0,4507.5,4384.2,-0.002207505518763808,0.2362583890928857
2026-02-10,BBNI,4520.0,4540.0,4480.0,4510.0,38280100.0,4522.0,4386.0,-0.0022123893805309214,0.23629056114494734
2026-02-11,BBNI,4500.0,4510.0,4460.0,4480.0,54082900.0,4529.0,4387.4,-0.006651884700665134,0.21925749840094988
2026-02-12,BBNI,4480.0,4510.0,4470.0,4510.0,27571700.0,4536.5,4390.6,0.006696428571428603,0.219752337452808
2026-02-13,BBNI,4510.0,4510.0,4470.0,4480.0,25116200.0,4533.5,4395.0,-0.006651884700665134,0.1643625624313188
2026-02-18,BBNI,4510.0,4540.0,4480.0,4490.0,38802300.0,4527.0,4398.6,0.0022321428571427937,0.15018349932167507
2026-02-19,BBNI,4520.0,4550.0,4450.0,4450.0,54011700.0,4521.0,4402.2,-0.008908685968819552,0.1487348452301662
2026-02-20,BBNI,4450.0,4500.0,4420.0,4470.0,48070400.0,4515.0,4406.4,0.004494382022471877,0.14879503284144188
2026-02-23,BBNI,4470.0,4510.0,4460.0,4500.0,34453500.0,4510.5,4410.2,0.006711409395973256,0.15144553039805478
2026-02-24,BBNI,4480.0,4490.0,4430.0,4450.0,58150200.0,4503.0,4413.4,-0.011111111111111072,0.15511102432878326
2026-02-25,BBNI,4470.0,4520.0,4440.0,4500.0,53012100.0,4501.5,4417.2,0.011235955056179803,0.15273801766307266
2026-02-26,BBNI,4500.0,4510.0,4420.0,4460.0,53377800.0,4499.5,4420.0,-0.008888888888888835,0.15418957132299674
2026-02-27,BBNI,4460.0,4460.0,4400.0,4400.0,83010300.0,4497.5,4421.8,-0.013452914798206317,0.1543231160563283
2026-03-02,BBNI,4350.0,4380.0,4300.0,4300.0,77493000.0,4491.5,4423.2,-0.022727272727272707,0.1731475208784944
2026-03-03,BBNI,4310.0,4360.0,4300.0,4300.0,34412500.0,4482.0,4424.4,0.0,0.1610377068332315
2026-03-04,BBNI,4280.0,4290.0,4120.0,4150.0,101732000.0,4464.5,4418.6,-0.03488372093023251,0.1975244751020944
2026-03-05,BBNI,4220.0,4320.0,4200.0,4280.0,52177600.0,4449.0,4416.2,0.031325301204819356,0.21870505471824184
2026-03-06,BBNI,4270.0,4300.0,4210.0,4270.0,47786400.0,4431.0,4414.2,-0.002336448598130869,0.21405466844348123
2026-03-09,BBNI,4150.0,4330.0,4130.0,4290.0,102376100.0,4417.0,4412.4,0.004683840749414525,0.2133690326501386
2026-03-10,BBNI,4350.0,4370.0,4250.0,4260.0,66622300.0,4403.5,4410.8,-0.006993006993006978,0.21283822673511038
2026-03-11,BBNI,4300.0,4330.0,4280.0,4290.0,54719700.0,4392.0,4410.0,0.007042253521126751,0.21579678023683713
2026-03-12,BBNI,4300.0,4350.0,4270.0,4280.0,87013000.0,4380.5,4409.8,-0.002331002331002363,0.21579494972442217
2026-03-13,BBNI,4290.0,4310.0,4220.0,4240.0,99440600.0,4368.5,4409.2,-0.009345794392523366,0.2166881435184555
2026-03-16,BBNI,4250.0,4340.0,4230.0,4320.0,126138200.0,4359.0,4410.4,0.018867924528301883,0.22768704591212752
2026-03-17,BBNI,4330.0,4390.0,4320.0,4390.0,209818800.0,4354.5,4410.8,0.01620370370370372,0.23586963458207644
2026-03-25,BBNI,4050.0,4090.0,3980.0,4040.0,247976300.0,4332.0,4406.4,-0.07972665148063784,0.3652978237337881
2026-03-26,BBNI,4050.0,4060.0,3970.0,4000.0,90175900.0,4309.5,4401.8,-0.00990099009900991,0.3654553416339071
2026-03-27,BBNI,3980.0,3990.0,3900.0,3900.0,76824500.0,4281.0,4395.0,-0.025000000000000022,0.37019733777861646
2026-03-30,BBNI,3860.0,3860.0,3780.0,3850.0,82872100.0,4248.5,4388.0,-0.012820512820512775,0.3674121695769606
2026-03-31,BBNI,3850.0,3880.0,3760.0,3760.0,76852900.0,4214.0,4379.0,-0.023376623376623384,0.37156371783371955
2026-04-01,BBNI,3830.0,3840.0,3720.0,3720.0,88881000.0,4175.0,4369.8,-0.010638297872340385,0.36449498834482824
2026-04-02,BBNI,3730.0,3750.0,3690.0,3700.0,53750100.0,4137.0,4359.4,-0.005376344086021501,0.36474982678383777
2026-04-06,BBNI,3700.0,3720.0,3630.0,3640.0,45425200.0,4099.0,4345.4,-0.01621621621621616,0.36532473840378843
2026-04-07,BBNI,3640.0,3660.0,3510.0,3510.0,101448300.0,4059.5,4328.4,-0.0357142857142857,0.3745065804502243
2026-04-08,BBNI,3650.0,3800.0,3630.0,3780.0,112845200.0,4033.5,4313.2,0.07692307692307687,0.4846265849662034
2026-04-09,BBNI,3760.0,3770.0,3680.0,3710.0,55090400.0,4011.5,4295.0,-0.01851851851851849,0.4750688420163825
2026-04-10,BBNI,3730.0,3820.0,3700.0,3730.0,58848500.0,3984.0,4278.2,0.005390835579514919,0.4572346646741944
2026-04-13,BBNI,3710.0,3710.0,3660.0,3680.0,36975400.0,3954.5,4260.0,-0.013404825737265424,0.45759885509861803
2026-04-14,BBNI,3740.0,3780.0,3710.0,3740.0,51368500.0,3927.0,4243.0,0.016304347826086918,0.46336117487023726
2026-04-15,BBNI,3770.0,3790.0,3660.0,3670.0,57711000.0,3897.5,4224.4,-0.018716577540106916,0.4654137446395888
2026-04-16,BBNI,3700.0,3700.0,3660.0,3700.0,30456000.0,3868.0,4207.8,0.008174386920980936,0.465884474169733
2026-04-17,BBNI,3690.0,3740.0,3690.0,3710.0,22706000.0,3839.5,4192.0,0.002702702702702675,0.46688954116914294
2026-04-20,BBNI,3710.0,3730.0,3660.0,3670.0,36946800.0,3811.0,4176.6,-0.010781671159029615,0.4670248780409202
2026-04-21,BBNI,3670.0,3730.0,3660.0,3730.0,30514900.0,3781.5,4162.8,0.016348773841961872,0.4652722046355486
2026-04-22,BBNI,3750.0,3840.0,3740.0,3830.0,58900700.0,3753.5,4149.6,0.02680965147453085,0.47370612309688725
2026-04-23,BBNI,3850.0,3890.0,3820.0,3870.0,56532500.0,3745.0,4137.0,0.010443864229765065,0.3891014049103207
2026-04-24,BBNI,3850.0,3860.0,3720.0,3770.0,53993700.0,3733.5,4120.6,-0.025839793281653756,0.3974884315023507
2026-04-27,BBNI,3790.0,3800.0,3720.0,3720.0,27549200.0,3724.5,4102.4,-0.01326259946949604,0.3908695481921991
2026-04-28,BBNI,3750.0,3790.0,3680.0,3790.0,31602700.0,3721.5,4086.8,0.018817204301075252,0.3954438179721302
2026-04-29,BBNI,3810.0,3840.0,3770.0,3800.0,27956600.0,3723.5,4072.2,0.0026385224274405594,0.3861529732674728
2026-04-30,BBNI,3790.0,3800.0,3720.0,3720.0,57549500.0,3723.5,4056.2,-0.021052631578947323,0.39197159580057733
2026-05-04,BBNI,3780.0,3860.0,3760.0,3840.0,39293500.0,3730.5,4042.8,0.032258064516129004,0.4072315013273695
2026-05-05,BBNI,3840.0,3970.0,3810.0,3920.0,52767900.0,3744.5,4031.6,0.02083333333333326,0.40628570621970755
2026-05-06,BBNI,3920.0,3930.0,3800.0,3830.0,41949100.0,3760.5,4018.0,-0.022959183673469385,0.39201384093054786
2026-05-07,BBNI,3880.0,3990.0,3860.0,3980.0,56083300.0,3770.5,4008.0,0.039164490861618884,0.31504892809000723
2026-05-08,BBNI,3980.0,3990.0,3860.0,3860.0,58943300.0,3778.0,3995.4,-0.03015075376884424,0.3279157608888834
2026-05-11,BBNI,3890.0,3890.0,3800.0,3820.0,31597700.0,3782.5,3982.8,-0.010362694300518172,0.3306303818865742
2026-05-12,BBNI,3820.0,3910.0,3770.0,3910.0,44682300.0,3794.0,3971.6,0.023560209424083878,0.33469117562303535
2026-05-13,BBNI,3890.0,3890.0,3820.0,3870.0,24634300.0,3800.5,3959.0,-0.010230179028132946,0.3342134850851952
2026-05-14,BBNI,3870.0,3870.0,3870.0,3870.0,0.0,3810.5,3947.4,0.0,0.3253720917538125
2026-05-15,BBNI,3870.0,3870.0,3870.0,3870.0,0.0,3819.0,3934.8,0.0,0.3248932562431157
2026-05-18,BBNI,3830.0,3840.0,3730.0,3800.0,37869300.0,3823.5,3921.6,-0.018087855297157618,0.33295773088232405
2026-05-19,BBNI,3810.0,3880.0,3770.0,3810.0,42431700.0,3830.5,3909.8,0.002631578947368318,0.3298346307731121
2026-05-20,BBNI,3830.0,3880.0,3770.0,3800.0,54487000.0,3834.0,3899.8,-0.002624671916010457,0.3257980364661096
2026-05-21,BBNI,3810.0,3860.0,3780.0,3800.0,29621700.0,3832.5,3889.8,0.0,0.31134844164524356
2026-05-22,BBNI,3800.0,3810.0,3750.0,3780.0,25045300.0,3828.0,3882.4,-0.0052631578947368585,0.3092038120899265
2026-05-25,BBNI,3810.0,3930.0,3800.0,3890.0,56968300.0,3834.0,3874.6,0.02910052910052907,0.31214356928250003
2026-05-26,BBNI,3890.0,3890.0,3810.0,3840.0,25818200.0,3840.0,3866.0,-0.01285347043701801,0.3118858514749044
2026-05-27,BBNI,3840.0,3840.0,3840.0,3840.0,0.0,3842.5,3857.0,0.0,0.30532873186864234
2026-05-28,BBNI,3840.0,3840.0,3840.0,3840.0,0.0,3844.5,3848.6,0.0,0.305265100624094
2026-05-29,BBNI,3820.0,3850.0,3700.0,3700.0,160150400.0,3843.5,3836.8,-0.03645833333333337,0.3241385841237524
2026-06-02,BBNI,3760.0,3820.0,3710.0,3760.0,50891200.0,3839.5,3826.4,0.016216216216216273,0.3074911762403153
2026-06-03,BBNI,3770.0,3790.0,3560.0,3570.0,60855300.0,3822.0,3813.0,-0.05053191489361697,0.3429708612817443
2026-06-04,BBNI,3570.0,3580.0,3350.0,3420.0,107483200.0,3801.5,3795.0,-0.04201680672268904,0.36272024446081375
2026-06-05,BBNI,3400.0,3420.0,3210.0,3210.0,87511600.0,3763.0,3771.4,-0.06140350877192979,0.3743383542284953
2026-06-08,BBNI,3150.0,3190.0,3010.0,3010.0,146586500.0,3720.5,3750.8,-0.06230529595015577,0.41228935973813385
2026-06-09,BBNI,3000.0,3350.0,2990.0,3270.0,182146000.0,3693.0,3736.2,0.08637873754152814,0.5405433475358505
2026-06-10,BBNI,3320.0,3560.0,3300.0,3450.0,213541800.0,3670.0,3727.2,0.05504587155963292,0.5747732472813648
2026-06-11,BBNI,3490.0,3620.0,3400.0,3500.0,135430000.0,3651.5,3720.2,0.01449275362318847,0.5788284555841
2026-06-12,BBNI,3570.0,3650.0,3520.0,3560.0,74824100.0,3636.0,3716.2,0.017142857142857126,0.5837283522140683
2026-06-15,BBNI,3650.0,3830.0,3650.0,3800.0,110833800.0,3632.5,3717.8,0.0674157303370786,0.6358547574808308
2026-06-17,BBNI,3810.0,3920.0,3670.0,3800.0,90260200.0,3632.5,3719.8,0.0,0.6323210102488166
2026-06-18,BBNI,3780.0,3780.0,3660.0,3730.0,70456300.0,3628.5,3721.6,-0.018421052631578894,0.6358951673641279
2026-06-19,BBNI,3720.0,3760.0,3640.0,3670.0,95367400.0,3622.0,3724.8,-0.01608579088471851,0.6383371824148204
2026-06-22,BBNI,3720.0,3720.0,3490.0,3490.0,56952800.0,3606.5,3719.0,-0.049046321525885506,0.6606910449197133
2026-06-23,BBNI,3490.0,3490.0,3390.0,3430.0,69805600.0,3589.0,3713.4,-0.017191977077363862,0.6624845423240889
2026-06-24,BBNI,3430.0,3490.0,3290.0,3320.0,102475500.0,3560.5,3705.2,-0.03206997084548102,0.6574805319244397
2026-06-25,BBNI,3320.0,3430.0,3300.0,3350.0,51645300.0,3536.0,3698.6,0.009036144578313143,0.6595212767740587
2026-06-26,BBNI,3330.0,3370.0,3230.0,3320.0,75387100.0,3510.0,3690.2,-0.008955223880596996,0.6592084904287139
2026-06-29,BBNI,3340.0,3350.0,3260.0,3260.0,30133200.0,3481.0,3682.0,-0.01807228915662651,0.6599884998086312
2026-06-30,BBNI,3250.0,3270.0,3160.0,3160.0,68047800.0,3454.0,3671.2,-0.030674846625766916,0.6569165303794667
2026-07-01,BBNI,3160.0,3180.0,3090.0,3100.0,68356600.0,3421.0,3659.0,-0.01898734177215189,0.6522466818549979
2026-07-02,BBNI,3110.0,3230.0,3110.0,3170.0,56394800.0,3401.0,3649.0,0.022580645161290214,0.6417690111529946
2026-07-03,BBNI,3210.0,3290.0,3210.0,3250.0,28681500.0,3392.5,3639.4,0.025236593059936974,0.6349015413038569
2026-07-06,BBNI,3250.0,3320.0,3210.0,3280.0,29228500.0,3396.0,3628.4,0.009230769230769154,0.5952108239380869
2026-07-07,BBNI,3300.0,3470.0,3290.0,3470.0,60892800.0,3419.0,3620.4,0.05792682926829262,0.5763383393819848
2026-07-08,BBNI,3430.0,3450.0,3380.0,3380.0,55410800.0,3424.5,3612.6,-0.025936599423631135,0.5068030471389885
2026-07-09,BBNI,3370.0,3420.0,3320.0,3420.0,24656200.0,3423.0,3606.6,0.01183431952662728,0.4687492887197176
2026-07-10,BBNI,3430.0,3450.0,3380.0,3420.0,29336200.0,3419.0,3599.2,0.0,0.4656074977982363
2026-07-13,BBNI,3420.0,3570.0,3370.0,3530.0,51536900.0,3417.5,3593.8,0.032163742690058506,0.47619678333986615
2026-07-14,BBNI,3550.0,3560.0,3460.0,3470.0,48830900.0,3401.0,3588.8,-0.016997167138810165,0.4069256223998605
2026-07-15,BBNI,3490.0,3540.0,3460.0,3460.0,34196500.0,3384.0,3581.2,-0.0028818443804035088,0.40665759050284483
2026-07-16,BBNI,3460.0,3540.0,3460.0,3500.0,49344600.0,3372.5,3572.8,0.011560693641618602,0.4068392805133881
2026-07-17,BBNI,3510.0,3640.0,3470.0,3580.0,102411200.0,3368.0,3567.8,0.02285714285714291,0.41348644979547095
2026-07-20,BBNI,3600.0,3650.0,3580.0,3590.0,71579400.0,3373.0,3560.0,0.0027932960893854997,0.37235937899935884
2026-07-21,BBNI,3620.0,3650.0,3570.0,3620.0,61348500.0,3382.5,3555.2,0.008356545961002881,0.3661845959074023
2026-07-22,BBNI,3640.0,3640.0,3550.0,3610.0,45262500.0,3397.0,3551.0,-0.002762430939226568,0.3430574025239178
2026-07-23,BBNI,3610.0,3620.0,3560.0,3600.0,42071600.0,3409.5,3544.8,-0.0027700831024930483,0.34350774092696496
2026-07-24,BBNI,3540.0,3570.0,3490.0,3520.0,38325800.0,3419.5,3537.8,-0.022222222222222254,0.35314736073000325
2026-07-27,BBNI,3460.0,3540.0,3450.0,3520.0,62103400.0,3432.5,3530.8,0.0,0.34445447303905796
2026-07-28,BBNI,3520.0,3540.0,3480.0,3480.0,21024300.0,3448.5,3523.0,-0.011363636363636354,0.32488742143084487
2026-07-29,BBNI,3480.0,3520.0,3450.0,3460.0,34501600.0,3466.5,3516.2,-0.005747126436781658,0.3151588333832723
2026-07-30,BBNI,3470.0,3550.0,3460.0,3550.0,42430600.0,3485.5,3511.0,0.026011560693641522,0.3178212493456844
2026-07-31,BBNI,3570.0,3580.0,3510.0,3530.0,48321300.0,3499.5,3505.6,-0.005633802816901401,0.3116962444874196
2026-08-03,BBNI,3570.0,3570.0,3500.0,3520.0,19986000.0,3511.5,3500.0,-0.0028328611898017497,0.31211712113074813
2026-08-04,BBNI,3530.0,3660.0,3530.0,3660.0,65344400.0,3521.0,3497.6,0.03977272727272729,0.2747084408034429
2026-08-05,BBNI,3660.0,3660.0,3600.0,3630.0,40879400.0,3533.5,3492.4,-0.008196721311475419,0.2567149092574671
2026-08-06,BBNI,3640.0,3690.0,3610.0,3620.0,37046200.0,3543.5,3488.0,-0.0027548209366391463,0.2558032381463617
2026-08-07,BBNI,3640.0,3660.0,3620.0,3660.0,1796800.0,3555.5,3484.4,0.011049723756906049,0.25710672494080644
2025-08-07,BBRI,3730.0,3750.0,3700.0,3710.0,92746000.0,3710.0,3710.0,,
2025-08-08,BBRI,3710.0,3730.0,3700.0,3700.0,133180100.0,3705.0,3705.0,-0.0026954177897574594,
2025-08-11,BBRI,3720.0,3810.0,3720.0,3810.0,143167900.0,3740.0,3740.0,0.029729729729729648,0.36397137820057107
2025-08-12,BBRI,3860.0,4050.0,3830.0,4050.0,404797800.0,3817.5,3817.5,0.06299212598425208,0.5213928320750709
2025-08-13,BBRI,4060.0,4100.0,3990.0,4080.0,292104000.0,3870.0,3870.0,0.007407407407407307,0.4619691965505793
2025-08-14,BBRI,4080.0,4100.0,4040.0,4060.0,164408100.0,3901.6666666666665,3901.6666666666665,-0.004901960784313708,0.4507912354583678
2025-08-15,BBRI,4100.0,4150.0,4070.0,4120.0,269255400.0,3932.8571428571427,3932.8571428571427,0.014778325123152802,0.40392316338378603
2025-08-19,BBRI,4090.0,4100.0,4010.0,4040.0,208409700.0,3946.25,3946.25,-0.01941747572815533,0.4313406826271617
2025-08-20,BBRI,4050.0,4150.0,4050.0,4150.0,173260400.0,3968.8888888888887,3968.8888888888887,0.027227722772277252,0.40774514748264884
2025-08-21,BBRI,4160.0,4170.0,4090.0,4150.0,112477700.0,3987.0,3987.0,0.0,0.3889372146486414
2025-08-22,BBRI,4170.0,4170.0,4100.0,4100.0,71971500.0,3997.2727272727275,3997.2727272727275,-0.012048192771084376,0.3873143125000666
2025-08-25,BBRI,4180.0,4270.0,4170.0,4210.0,195322200.0,4015.0,4015.0,0.02682926829268295,0.3758521169370636
2025-08-26,BBRI,4220.0,4220.0,4170.0,4170.0,267465600.0,4026.923076923077,4026.923076923077,-0.009501187648456089,0.3714288223803541
2025-08-27,BBRI,4130.0,4150.0,4070.0,4130.0,123874000.0,4034.285714285714,4034.285714285714,-0.00959232613908878,0.36596322550131305
2025-08-28,BBRI,4130.0,4150.0,4110.0,4140.0,60838200.0,4041.3333333333335,4041.3333333333335,0.002421307506053294,0.35255800859818665
2025-08-29,BBRI,4100.0,4120.0,4020.0,4050.0,217276600.0,4041.875,4041.875,-0.021739130434782594,0.3610607147237955
2025-09-01,BBRI,3930.0,4010.0,3860.0,3980.0,234206100.0,4038.235294117647,4038.235294117647,-0.01728395061728394,0.36095098421302724
2025-09-02,BBRI,3980.0,4050.0,3960.0,3960.0,111856000.0,4033.8888888888887,4033.8888888888887,-0.005025125628140725,0.35146392788287906
2025-09-03,BBRI,4020.0,4030.0,3950.0,4030.0,112507500.0,4033.684210526316,4033.684210526316,0.017676767676767735,0.3447503757884681
2025-09-04,BBRI,3980.0,4010.0,3960.0,4000.0,87402700.0,4032.0,4032.0,-0.007444168734491274,0.3380037958559081
2025-09-08,BBRI,4070.0,4070.0,3890.0,3900.0,143993900.0,4041.5,4025.714285714286,-0.025000000000000022,0.34490853567125196
2025-09-09,BBRI,3870.0,3890.0,3750.0,3790.0,327167200.0,4046.0,4015.0,-0.028205128205128216,0.3616991163032631
2025-09-10,BBRI,3820.0,3890.0,3820.0,3880.0,117680500.0,4049.5,4009.1304347826085,0.0237467018469657,0.35607346987756416
2025-09-11,BBRI,4000.0,4120.0,3980.0,4080.0,281910400.0,4051.0,4012.0833333333335,0.05154639175257736,0.3311520706949611
2025-09-12,BBRI,4180.0,4190.0,4110.0,4180.0,235383800.0,4056.0,4018.8,0.02450980392156854,0.34124370844188967
2025-09-15,BBRI,4200.0,4220.0,4120.0,4140.0,157482000.0,4060.0,4023.4615384615386,-0.009569377990430672,0.3427908612734991
2025-09-16,BBRI,4160.0,4170.0,4080.0,4130.0,167511900.0,4060.5,4027.4074074074074,-0.0024154589371980784,0.33916885155353926
2025-09-17,BBRI,4160.0,4220.0,4120.0,4220.0,245154800.0,4069.5,4034.285714285714,0.021791767554479424,0.33888042305026467
2025-09-18,BBRI,4270.0,4270.0,4210.0,4250.0,332670300.0,4074.5,4041.7241379310344,0.007109004739336511,0.32663132582229903
2025-09-19,BBRI,4230.0,4250.0,4180.0,4250.0,211373200.0,4079.5,4048.6666666666665,0.0,0.32663132582229903
2025-09-22,BBRI,4250.0,4250.0,4110.0,4160.0,157592800.0,4082.5,4052.2580645161293,-0.02117647058823524,0.3331545083677375
2025-09-23,BBRI,4120.0,4170.0,4110.0,4140.0,110771700.0,4079.0,4055.0,-0.004807692307692291,0.3191732397900051
2025-09-24,BBRI,4140.0,4170.0,4100.0,4170.0,124591600.0,4079.0,4058.4848484848485,0.007246376811594235,0.31854754599909185
2025-09-25,BBRI,4170.0,4170.0,4050.0,4070.0,129656800.0,4076.0,4058.823529411765,-0.023980815347721784,0.3283512617132465
2025-09-26,BBRI,4050.0,4080.0,4000.0,4040.0,146229200.0,4071.0,4058.285714285714,-0.0073710073710073765,0.32902303002357786
2025-09-29,BBRI,4040.0,4040.0,3960.0,3980.0,126611800.0,4067.5,4056.1111111111113,-0.014851485148514865,0.3241424863399293
2025-09-30,BBRI,3980.0,3980.0,3900.0,3900.0,217357100.0,4063.5,4051.891891891892,-0.02010050251256279,0.32620421924400544
2025-10-01,BBRI,3860.0,3940.0,3800.0,3810.0,223133600.0,4056.0,4045.5263157894738,-0.023076923076923106,0.3354558716169847
2025-10-02,BBRI,3760.0,3790.0,3710.0,3710.0,379620000.0,4040.0,4036.923076923077,-0.026246719160105014,0.33799611501361837
2025-10-03,BBRI,3710.0,3750.0,3680.0,3690.0,214737100.0,4024.5,4028.25,-0.005390835579514808,0.33779026240420434
2025-10-06,BBRI,3700.0,3740.0,3640.0,3660.0,190283900.0,4012.5,4019.268292682927,-0.008130081300813052,0.32894777513927154
2025-10-07,BBRI,3690.0,3720.0,3670.0,3710.0,155933000.0,4008.5,4011.904761904762,0.013661202185792254,0.3197892225448349
2025-10-08,BBRI,3730.0,3740.0,3670.0,3720.0,148263700.0,4000.5,4005.1162790697676,0.0026954177897573484,0.3067566951542258
2025-10-09,BBRI,3690.0,3930.0,3640.0,3860.0,479239500.0,3989.5,4001.818181818182,0.037634408602150504,0.27713627111074746
2025-10-10,BBRI,3790.0,3790.0,3690.0,3730.0,277252300.0,3967.0,3995.777777777778,-0.033678756476683946,0.27854261804877467
2025-10-13,BBRI,3680.0,3710.0,3660.0,3660.0,181694400.0,3943.0,3988.478260869565,-0.018766756032171594,0.2821996399009099
2025-10-14,BBRI,3640.0,3690.0,3550.0,3550.0,278639100.0,3914.0,3979.148936170213,-0.030054644808743203,0.29434559168283886
2025-10-15,BBRI,3570.0,3590.0,3450.0,3500.0,468733500.0,3878.0,3969.1666666666665,-0.014084507042253502,0.27404403747208056
2025-10-16,BBRI,3500.0,3580.0,3480.0,3530.0,227629500.0,3842.0,3960.204081632653,0.008571428571428674,0.27524267844263933
2025-10-17,BBRI,3530.0,3570.0,3490.0,3500.0,244442400.0,3804.5,3951.0,-0.008498583569405138,0.27316321671124294
2025-10-20,BBRI,3550.0,3730.0,3540.0,3680.0,391510300.0,3780.5,3950.4,0.05142857142857138,0.3443688428180784
2025-10-21,BBRI,3780.0,3790.0,3710.0,3760.0,293000200.0,3761.5,3951.6,0.021739130434782705,0.35809462773702205
2025-10-22,BBRI,3790.0,3820.0,3680.0,3700.0,329470700.0,3738.0,3949.4,-0.015957446808510634,0.3574173482397447
2025-10-23,BBRI,3720.0,3820.0,3700.0,3820.0,225902700.0,3725.5,3944.8,0.03243243243243232,0.3748657901154625
2025-10-24,BBRI,3820.0,3910.0,3820.0,3850.0,313903600.0,3716.0,3940.2,0.007853403141361293,0.3763510847583933
2025-10-27,BBRI,3880.0,3930.0,3750.0,3860.0,332539600.0,3710.0,3936.2,0.0025974025974024872,0.37362187087479426
2025-10-28,BBRI,3850.0,3860.0,3780.0,3850.0,239026800.0,3707.5,3930.8,-0.002590673575129543,0.3670279542243794
2025-10-29,BBRI,3830.0,3890.0,3790.0,3890.0,215008600.0,3711.5,3927.8,0.010389610389610393,0.3587258427957667
2025-10-30,BBRI,3900.0,3990.0,3870.0,3910.0,287905300.0,3721.5,3923.0,0.005141388174807249,0.34377129901556075
2025-10-31,BBRI,3930.0,4020.0,3920.0,3980.0,348755700.0,3736.0,3919.6,0.01790281329923271,0.3462999662718408
2025-11-03,BBRI,4050.0,4050.0,4010.0,4040.0,163770500.0,3755.0,3918.4,0.015075376884422065,0.3453015364486315
2025-11-04,BBRI,4030.0,4050.0,3970.0,3970.0,241154700.0,3768.0,3913.6,-0.017326732673267342,0.3526419495347502
2025-11-05,BBRI,3940.0,3990.0,3910.0,3980.0,139859100.0,3781.0,3909.8,0.0025188916876575096,0.35264867903397656
2025-11-06,BBRI,3980.0,4010.0,3950.0,4000.0,130808100.0,3788.0,3907.2,0.005025125628140614,0.3291408848538289
2025-11-07,BBRI,4000.0,4010.0,3980.0,3980.0,87287600.0,3800.5,3904.0,-0.0050000000000000044,0.30259756181164194
2025-11-10,BBRI,4010.0,4020.0,3930.0,3930.0,148552900.0,3814.0,3901.6,-0.012562814070351758,0.29731978001346215
2025-11-11,BBRI,3940.0,3960.0,3860.0,3890.0,179000200.0,3831.0,3899.8,-0.010178117048346036,0.2748891042043311
2025-11-12,BBRI,3890.0,3950.0,3890.0,3900.0,111115400.0,3851.0,3898.6,0.0025706940874035134,0.2659880807021816
2025-11-13,BBRI,3900.0,3910.0,3870.0,3870.0,99373200.0,3868.0,3895.4,-0.007692307692307665,0.26978106588084466
2025-11-14,BBRI,3860.0,3930.0,3860.0,3900.0,100717300.0,3888.0,3893.4,0.007751937984496138,0.26533195429535983
2025-11-17,BBRI,3880.0,3950.0,3880.0,3940.0,140868100.0,3901.0,3894.2,0.01025641025641022,0.20410852684850228
2025-11-18,BBRI,3950.0,3990.0,3930.0,3970.0,205257700.0,3911.5,3897.8,0.0076142131979695105,0.19323375015453703
2025-11-19,BBRI,3990.0,4000.0,3970.0,4000.0,107451000.0,3926.5,3900.2,0.007556675062972307,0.18058719407239626
2025-11-20,BBRI,4020.0,4050.0,3990.0,3990.0,183008400.0,3935.0,3898.4,-0.0024999999999999467,0.14700378270103742
2025-11-21,BBRI,3980.0,4000.0,3940.0,3960.0,112666100.0,3940.5,3894.0,-0.007518796992481258,0.14930001981911672
2025-11-24,BBRI,4000.0,4000.0,3940.0,3980.0,262302000.0,3946.5,3890.8,0.005050505050504972,0.1498028084701097
2025-11-25,BBRI,3980.0,3980.0,3830.0,3830.0,396959100.0,3945.5,3884.8,-0.03768844221105527,0.20454779578768248
2025-11-26,BBRI,3800.0,3830.0,3780.0,3790.0,288419400.0,3940.5,3876.2,-0.010443864229765065,0.2036347463248533
2025-11-27,BBRI,3800.0,3810.0,3720.0,3740.0,283451800.0,3932.0,3866.0,-0.01319261213720313,0.20641588615077008
2025-11-28,BBRI,3710.0,3750.0,3680.0,3680.0,353872800.0,3917.0,3854.6,-0.016042780748663055,0.19768614401232376
2025-12-01,BBRI,3680.0,3730.0,3660.0,3670.0,299669500.0,3898.5,3844.8,-0.0027173913043477826,0.18477788967450318
2025-12-02,BBRI,3690.0,3730.0,3670.0,3710.0,277714300.0,3885.5,3836.2,0.01089918256130784,0.18640481312251447
2025-12-03,BBRI,3690.0,3700.0,3660.0,3660.0,225357100.0,3869.5,3826.0,-0.013477088948787075,0.188402408685321
2025-12-04,BBRI,3660.0,3690.0,3650.0,3690.0,221121100.0,3854.0,3818.4,0.008196721311475308,0.19076459987024202
2025-12-05,BBRI,3700.0,3700.0,3650.0,3650.0,156161100.0,3837.5,3810.6,-0.010840108401083959,0.1923086800392284
2025-12-08,BBRI,3680.0,3690.0,3660.0,3670.0,124094700.0,3824.5,3804.4,0.005479452054794498,0.1926259261448355
2025-12-09,BBRI,3700.0,3700.0,3650.0,3680.0,201089800.0,3814.0,3800.0,0.0027247956403269047,0.1919999497499713
2025-12-10,BBRI,3680.0,3680.0,3650.0,3660.0,172677700.0,3802.0,3797.0,-0.005434782608695676,0.1911860003857209
2025-12-11,BBRI,3680.0,3700.0,3580.0,3620.0,327591200.0,3789.5,3795.2,-0.010928961748633892,0.19255722389235144
2025-12-12,BBRI,3640.0,3640.0,3580.0,3630.0,169747600.0,3776.0,3794.0,0.0027624309392264568,0.18956300940121276
2025-12-15,BBRI,3650.0,3810.0,3630.0,3780.0,312694100.0,3768.0,3796.4,0.04132231404958686,0.2438042396150291
2025-12-16,BBRI,3800.0,3810.0,3680.0,3690.0,237949900.0,3754.0,3796.0,-0.023809523809523836,0.2527897245157099
2025-12-17,BBRI,3690.0,3780.0,3680.0,3750.0,273544100.0,3741.5,3796.6,0.016260162601626105,0.2596473121503767
2025-12-18,BBRI,3750.0,3820.0,3750.0,3780.0,262527300.0,3731.0,3795.0,0.008000000000000007,0.262624414324118
2025-12-19,BBRI,3800.0,3810.0,3760.0,3770.0,228583500.0,3721.5,3795.8,-0.002645502645502673,0.26197534017585583
2025-12-22,BBRI,3770.0,3780.0,3750.0,3760.0,161680300.0,3710.5,3797.8,-0.0026525198938992522,0.2605214028361455
2025-12-23,BBRI,3760.0,3780.0,3730.0,3770.0,138427000.0,3707.5,3802.2,0.0026595744680850686,0.22571747661578548
2025-12-24,BBRI,3770.0,3790.0,3750.0,3770.0,121073600.0,3706.5,3807.6,0.0,0.22275916796662762
2025-12-29,BBRI,3780.0,3790.0,3760.0,3780.0,238061500.0,3708.5,3812.6,0.0026525198938991412,0.21751391557677446
2025-12-30,BBRI,3690.0,3690.0,3650.0,3660.0,274402200.0,3707.5,3815.8,-0.031746031746031744,0.2395003381237825
2026-01-02,BBRI,3660.0,3670.0,3620.0,3640.0,191985100.0,3706.0,3815.0,-0.005464480874316946,0.24008646390980753
2026-01-05,BBRI,3630.0,3660.0,3590.0,3630.0,230544800.0,3702.0,3812.4,-0.0027472527472527375,0.2365020127100519
2026-01-06,BBRI,3630.0,3690.0,3630.0,3680.0,175820800.0,3703.0,3812.0,0.01377410468319562,0.23719123566938194
2026-01-07,BBRI,3680.0,3710.0,3660.0,3700.0,195024700.0,3703.5,3809.6,0.005434782608695565,0.2361842042499877
2026-01-08,BBRI,3710.0,3760.0,3700.0,3710.0,182019700.0,3706.5,3806.8,0.002702702702702675,0.23262302199786333
2026-01-09,BBRI,3730.0,3740.0,3670.0,3680.0,143474700.0,3707.0,3803.2,-0.008086253369272267,0.2340737185704215
2026-01-12,BBRI,3680.0,3740.0,3660.0,3700.0,215159700.0,3708.0,3800.2,0.005434782608695565,0.23465238382392395
2026-01-13,BBRI,3700.0,3730.0,3670.0,3720.0,227620800.0,3711.0,3796.8,0.00540540540540535,0.23424758334668894
2026-01-14,BBRI,3740.0,3750.0,3700.0,3720.0,170097000.0,3716.0,3793.0,0.0,0.23009317187942596
2026-01-15,BBRI,3730.0,3850.0,3730.0,3820.0,407151300.0,3725.5,3789.8,0.026881720430107503,0.247192744628098
2026-01-19,BBRI,3850.0,3900.0,3810.0,3840.0,359652500.0,3728.5,3785.8,0.005235602094240788,0.20127507697029137
2026-01-20,BBRI,3840.0,3880.0,3820.0,3850.0,170245800.0,3736.5,3783.4,0.0026041666666667407,0.1789257406478589
2026-01-21,BBRI,3850.0,3850.0,3800.0,3820.0,273678200.0,3740.0,3780.2,-0.007792207792207795,0.17413671017018428
2026-01-22,BBRI,3850.0,3850.0,3790.0,3810.0,153742700.0,3741.5,3776.4,-0.002617801047120394,0.17253294643062259
2026-01-23,BBRI,3810.0,3850.0,3760.0,3850.0,164603900.0,3745.5,3773.8,0.01049868766404205,0.17568334053003504
2026-01-26,BBRI,3840.0,3850.0,3800.0,3850.0,120002700.0,3750.0,3772.2,0.0,0.1751817065309852
2026-01-27,BBRI,3850.0,3850.0,3780.0,3820.0,157633200.0,3752.5,3770.8,-0.007792207792207795,0.1779659916925014
2026-01-28,BBRI,3630.0,3780.0,3540.0,3590.0,726740400.0,3743.5,3764.6,-0.060209424083769614,0.28017368706048257
2026-01-29,BBRI,3550.0,3780.0,3290.0,3780.0,781321200.0,3743.5,3762.8,0.052924791086351064,0.3419567352347464
2026-01-30,BBRI,3780.0,3890.0,3740.0,3810.0,532329000.0,3751.0,3761.0,0.007936507936507908,0.32113091052857246
2026-02-02,BBRI,3860.0,3880.0,3750.0,3830.0,334659200.0,3760.5,3758.8,0.005249343832020914,0.31998652575674463
2026-02-03,BBRI,3860.0,3870.0,3760.0,3800.0,201224300.0,3769.0,3755.4,-0.007832898172323799,0.3216485073455302
2026-02-04,BBRI,3820.0,3880.0,3800.0,3870.0,251005600.0,3778.5,3752.8,0.018421052631578894,0.32422383680730565
2026-02-05,BBRI,3850.0,3940.0,3840.0,3850.0,342757200.0,3786.0,3750.0,-0.0051679586563307955,0.32522916542295577
2026-02-06,BBRI,3800.0,3850.0,3770.0,3780.0,279127200.0,3789.5,3746.4,-0.018181818181818188,0.3331448997029022
2026-02-09,BBRI,3790.0,3800.0,3710.0,3770.0,215606400.0,3794.0,3742.2,-0.002645502645502673,0.33170188530452704
2026-02-10,BBRI,3750.0,3790.0,3730.0,3780.0,181835800.0,3798.0,3741.2,0.0026525198938991412,0.3314018665911779
2026-02-11,BBRI,3790.0,3800.0,3740.0,3800.0,147378100.0,3802.0,3741.4,0.005291005291005346,0.33138322002619464
2026-02-12,BBRI,3780.0,3790.0,3760.0,3790.0,185678800.0,3805.5,3742.4,-0.0026315789473684292,0.3316488261104763
2026-02-13,BBRI,3780.0,3800.0,3750.0,3780.0,144473700.0,3803.5,3744.4,-0.0026385224274406704,0.3175132928027921
2026-02-18,BBRI,3780.0,3840.0,3760.0,3830.0,135223700.0,3803.0,3747.6,0.013227513227513255,0.3206249624070076
2026-02-19,BBRI,3850.0,3850.0,3770.0,3770.0,154562300.0,3799.0,3748.8,-0.015665796344647487,0.3252314045688819
2026-02-20,BBRI,3790.0,3870.0,3780.0,3840.0,191533500.0,3800.0,3752.4,0.018567639257294433,0.33117272504078565
2026-02-23,BBRI,3880.0,3910.0,3860.0,3900.0,189611200.0,3804.5,3756.6,0.015625,0.33522346225437033
2026-02-24,BBRI,3880.0,3890.0,3860.0,3870.0,191295900.0,3805.5,3761.0,-0.007692307692307665,0.3348803017833013
2026-02-25,BBRI,3880.0,3980.0,3880.0,3970.0,263027700.0,3811.5,3767.0,0.025839793281653645,0.34674823420092626
2026-02-26,BBRI,3970.0,3970.0,3920.0,3950.0,146158100.0,3818.0,3772.4,-0.005037783375314908,0.3458781879884052
2026-02-27,BBRI,3950.0,3950.0,3880.0,3910.0,263179300.0,3834.0,3777.4,-0.010126582278481067,0.2621467071626819
2026-03-02,BBRI,3840.0,3840.0,3800.0,3820.0,204655700.0,3836.0,3781.4,-0.023017902813299185,0.20892126287664306
2026-03-03,BBRI,3820.0,3840.0,3770.0,3770.0,113600400.0,3834.0,3784.2,-0.01308900523560208,0.2124410658061741
2026-03-04,BBRI,3770.0,3770.0,3660.0,3690.0,215656600.0,3827.0,3782.4,-0.021220159151193685,0.22352316910545136
2026-03-05,BBRI,3720.0,3780.0,3720.0,3750.0,96625300.0,3824.5,3783.6,0.016260162601626105,0.23108299190522397
2026-03-06,BBRI,3750.0,3750.0,3670.0,3670.0,136987800.0,3814.5,3782.0,-0.021333333333333315,0.23085646293263953
2026-03-09,BBRI,3590.0,3630.0,3560.0,3570.0,215587500.0,3800.5,3777.8,-0.027247956403269713,0.24692373179756014
2026-03-10,BBRI,3600.0,3610.0,3560.0,3560.0,175353400.0,3789.5,3773.6,-0.0028011204481792618,0.24088273841797592
2026-03-11,BBRI,3580.0,3600.0,3560.0,3580.0,100862200.0,3780.0,3770.0,0.00561797752808979,0.24276986523565214
2026-03-12,BBRI,3580.0,3610.0,3570.0,3570.0,141366700.0,3769.5,3766.0,-0.0027932960893854997,0.24201394764701284
2026-03-13,BBRI,3560.0,3590.0,3510.0,3510.0,159393900.0,3755.0,3760.8,-0.01680672268907568,0.24497747835172767
2026-03-16,BBRI,3500.0,3510.0,3430.0,3480.0,160328700.0,3739.5,3754.8,-0.008547008547008517,0.24548719430808547
2026-03-17,BBRI,3500.0,3530.0,3480.0,3480.0,204208500.0,3724.5,3751.2,0.0,0.24588014964793492
2026-03-25,BBRI,3440.0,3540.0,3410.0,3540.0,379422800.0,3710.0,3749.2,0.01724137931034475,0.24999119365052602
2026-03-26,BBRI,3540.0,3570.0,3480.0,3490.0,162060500.0,3696.0,3746.4,-0.01412429378531077,0.24907991606929908
2026-03-27,BBRI,3460.0,3490.0,3420.0,3420.0,207067900.0,3675.0,3741.2,-0.02005730659025784,0.24080808320978908
2026-03-30,BBRI,3350.0,3390.0,3330.0,3360.0,317467700.0,3648.0,3734.4,-0.01754385964912286,0.23047407470643097
2026-03-31,BBRI,3350.0,3400.0,3330.0,3330.0,298589200.0,3621.0,3726.8,-0.008928571428571397,0.23054204716192012
2026-04-01,BBRI,3400.0,3440.0,3330.0,3350.0,279604500.0,3590.0,3720.2,0.006006006006006093,0.20155808994311336
2026-04-02,BBRI,3340.0,3390.0,3320.0,3320.0,242569200.0,3558.5,3712.6,-0.008955223880596996,0.20117649766475057
2026-04-06,BBRI,3340.0,3360.0,3290.0,3310.0,184143400.0,3528.5,3704.4,-0.003012048192771122,0.20203123742620588
2026-04-07,BBRI,3310.0,3320.0,3220.0,3230.0,273842700.0,3499.0,3694.6,-0.024169184290030232,0.2031878720759313
2026-04-08,BBRI,3340.0,3370.0,3330.0,3340.0,416112900.0,3477.5,3685.0,0.034055727554179516,0.25153596151717356
2026-04-09,BBRI,3310.0,3330.0,3260.0,3280.0,319141400.0,3457.0,3673.8,-0.017964071856287456,0.24916308578688406
2026-04-10,BBRI,3290.0,3400.0,3290.0,3390.0,353451500.0,3439.0,3664.6,0.03353658536585358,0.2755579681251537
2026-04-13,BBRI,3390.0,3410.0,3350.0,3370.0,176083800.0,3424.0,3655.6,-0.005899705014749235,0.26870459071996683
2026-04-14,BBRI,3420.0,3490.0,3420.0,3460.0,280543100.0,3418.5,3648.6,0.026706231454005858,0.2752817711721766
2026-04-15,BBRI,3500.0,3510.0,3400.0,3400.0,332898200.0,3410.5,3639.6,-0.017341040462427793,0.28102624946228616
2026-04-16,BBRI,3400.0,3430.0,3380.0,3410.0,228465700.0,3402.0,3630.8,0.002941176470588225,0.2802044634874782
2026-04-17,BBRI,3410.0,3450.0,3410.0,3430.0,209108800.0,3395.0,3623.0,0.0058651026392961825,0.2816769057163972
2026-04-20,BBRI,3440.0,3470.0,3420.0,3440.0,354461400.0,3391.5,3620.0,0.00291545189504383,0.2764381234972629
2026-04-21,BBRI,3250.0,3300.0,3230.0,3270.0,398239800.0,3381.0,3609.8,-0.04941860465116277,0.32526324139550844
2026-04-22,BBRI,3260.0,3280.0,3240.0,3240.0,223077500.0,3369.0,3598.4,-0.00917431192660545,0.3258054134203505
2026-04-23,BBRI,3240.0,3270.0,3150.0,3160.0,352657300.0,3350.0,3585.0,-0.024691358024691357,0.3246265253823818
2026-04-24,BBRI,3120.0,3150.0,3060.0,3070.0,428089200.0,3329.0,3570.4,-0.02848101265822789,0.33358364811104596
2026-04-27,BBRI,3060.0,3100.0,3050.0,3050.0,216480300.0,3310.5,3554.0,-0.006514657980456029,0.3295510220274074
2026-04-28,BBRI,3050.0,3080.0,3020.0,3070.0,232596600.0,3296.0,3538.4,0.006557377049180246,0.3289758992675543
2026-04-29,BBRI,3070.0,3110.0,3050.0,3070.0,180641600.0,3283.0,3524.2,0.0,0.3288357719498978
2026-04-30,BBRI,3050.0,3060.0,2980.0,2990.0,382750500.0,3265.0,3508.6,-0.026058631921824116,0.33571245457985505
2026-05-04,BBRI,3010.0,3040.0,3000.0,3040.0,190480000.0,3251.0,3493.8,0.01672240802675584,0.3444219838613597
2026-05-05,BBRI,3050.0,3170.0,3040.0,3150.0,253157600.0,3243.0,3480.8,0.03618421052631571,0.3730813697104824
2026-05-06,BBRI,3150.0,3190.0,3130.0,3160.0,185002500.0,3239.5,3468.2,0.0031746031746031633,0.36425799014366017
2026-05-07,BBRI,3200.0,3330.0,3190.0,3310.0,312804400.0,3238.0,3458.8,0.04746835443037978,0.38388484617464963
2026-05-08,BBRI,3310.0,3360.0,3260.0,3260.0,335638700.0,3237.0,3447.4,-0.015105740181268867,0.3822585851931029
2026-05-11,BBRI,3260.0,3280.0,3200.0,3200.0,196431000.0,3227.5,3436.0,-0.018404907975460127,0.3658768563630669
2026-05-12,BBRI,3200.0,3240.0,3170.0,3220.0,151508100.0,3220.0,3423.6,0.006250000000000089,0.3669759117642722
2026-05-13,BBRI,3200.0,3210.0,3120.0,3120.0,155231500.0,3203.0,3408.0,-0.03105590062111796,0.36427400082048433
2026-05-14,BBRI,3120.0,3120.0,3120.0,3120.0,0.0,3189.0,3393.0,0.0,0.36161521541738945
2026-05-15,BBRI,3120.0,3120.0,3120.0,3120.0,0.0,3174.5,3376.0,0.0,0.36101218257540035
2026-05-18,BBRI,3040.0,3100.0,3010.0,3060.0,348373200.0,3156.0,3358.2,-0.019230769230769273,0.36272950911394164
2026-05-19,BBRI,3060.0,3140.0,3040.0,3040.0,224758600.0,3136.0,3340.8,-0.006535947712418277,0.3613898775685848
2026-05-20,BBRI,3060.0,3110.0,3030.0,3040.0,273501800.0,3124.5,3325.2,0.0,0.323027440544304
2026-05-21,BBRI,3050.0,3090.0,3020.0,3020.0,173346000.0,3113.5,3310.2,-0.006578947368421018,0.3225479034174247
2026-05-22,BBRI,3020.0,3070.0,3000.0,3050.0,158122200.0,3108.0,3297.4,0.009933774834437026,0.31545147396389694
2026-05-25,BBRI,3090.0,3220.0,3080.0,3170.0,242782900.0,3113.0,3285.8,0.03934426229508192,0.33027374039791774
2026-05-26,BBRI,3150.0,3150.0,3070.0,3070.0,185037400.0,3114.0,3273.8,-0.03154574132492116,0.35000155408833356
2026-05-27,BBRI,3070.0,3070.0,3070.0,3070.0,0.0,3114.0,3263.8,0.0,0.34928350371976424
2026-05-28,BBRI,3070.0,3070.0,3070.0,3070.0,0.0,3114.0,3254.0,0.0,0.34928350371976424
2026-05-29,BBRI,3060.0,3080.0,2950.0,2950.0,1073661600.0,3112.0,3241.4,-0.039087947882736174,0.36499750355354726
2026-06-02,BBRI,3000.0,3040.0,2980.0,3040.0,320974000.0,3112.0,3230.8,0.03050847457627115,0.37668022953323005
2026-06-03,BBRI,3050.0,3070.0,2900.0,2900.0,411746000.0,3099.5,3218.6,-0.046052631578947345,0.38567710994569343
2026-06-04,BBRI,2900.0,2930.0,2780.0,2810.0,493450500.0,3082.0,3205.2,-0.03103448275862064,0.3963854033128452
2026-06-05,BBRI,2780.0,2830.0,2730.0,2740.0,310053600.0,3053.5,3190.4,-0.02491103202846978,0.34831683840423033
2026-06-08,BBRI,2700.0,2750.0,2590.0,2590.0,626878600.0,3020.0,3171.4,-0.054744525547445244,0.3838720675699398
2026-06-09,BBRI,2540.0,2800.0,2540.0,2790.0,873192700.0,2999.5,3157.4,0.07722007722007729,0.4941556580442836
2026-06-10,BBRI,2790.0,2910.0,2730.0,2880.0,704423000.0,2982.5,3146.6,0.032258064516129004,0.5112958038276327
2026-06-11,BBRI,2880.0,2960.0,2780.0,2850.0,465509700.0,2969.0,3136.4,-0.01041666666666663,0.5025604318588581
2026-06-12,BBRI,2880.0,2900.0,2830.0,2850.0,450530000.0,2955.5,3126.8,0.0,0.5025604318588581
2026-06-15,BBRI,2890.0,3050.0,2890.0,2990.0,622216400.0,2949.0,3119.6,0.04912280701754379,0.5368803906321159
2026-06-17,BBRI,3020.0,3130.0,3010.0,3080.0,512048000.0,2950.0,3114.8,0.030100334448160515,0.5438896641943622
2026-06-18,BBRI,3040.0,3060.0,2960.0,2960.0,356398400.0,2946.0,3107.8,-0.038961038961038974,0.5616414900121091
2026-06-19,BBRI,2960.0,3000.0,2910.0,2930.0,514857200.0,2940.5,3101.8,-0.010135135135135087,0.5626152257354713
2026-06-22,BBRI,2930.0,2940.0,2870.0,2870.0,250025400.0,2933.0,3092.4,-0.020477815699658675,0.5665112629635707
2026-06-23,BBRI,2870.0,2940.0,2860.0,2910.0,271555000.0,2926.0,3085.0,0.013937282229965264,0.5678013386298264
2026-06-24,BBRI,2930.0,2980.0,2800.0,2810.0,330171300.0,2908.0,3073.4,-0.03436426116838487,0.5572409657284467
2026-06-25,BBRI,2800.0,2920.0,2790.0,2850.0,343497900.0,2897.0,3063.0,0.014234875444839812,0.5524578811869645
2026-06-26,BBRI,2850.0,2880.0,2810.0,2870.0,200394100.0,2887.0,3051.2,0.007017543859649145,0.5535474257073988
2026-06-29,BBRI,2880.0,2890.0,2830.0,2840.0,173099600.0,2875.5,3040.0,-0.010452961672473893,0.5540921131616613
2026-06-30,BBRI,2810.0,2840.0,2730.0,2730.0,346190100.0,2864.5,3026.4,-0.03873239436619713,0.5537889855747612
2026-07-01,BBRI,2700.0,2750.0,2670.0,2670.0,302582100.0,2846.0,3011.2,-0.02197802197802201,0.5425224414555442
2026-07-02,BBRI,2680.0,2730.0,2630.0,2690.0,366662800.0,2835.5,2996.2,0.0074906367041198685,0.522925016228782
2026-07-03,BBRI,2710.0,2740.0,2700.0,2710.0,219292600.0,2830.5,2985.0,0.0074349442379182396,0.5135520375604711
2026-07-06,BBRI,2710.0,2790.0,2680.0,2790.0,257473000.0,2833.0,2976.0,0.029520295202952074,0.5167216830424928
2026-07-07,BBRI,2810.0,2890.0,2800.0,2860.0,265534600.0,2846.5,2970.0,0.02508960573476693,0.47791406098298905
2026-07-08,BBRI,2860.0,2870.0,2770.0,2790.0,253336100.0,2846.5,2964.4,-0.02447552447552448,0.4061478460149197
2026-07-09,BBRI,2770.0,2790.0,2730.0,2780.0,244821900.0,2841.5,2959.0,-0.0035842293906810374,0.3882891228506455
2026-07-10,BBRI,2790.0,2810.0,2760.0,2790.0,144957900.0,2838.5,2953.4,0.003597122302158251,0.38719684656811487
2026-07-13,BBRI,2790.0,2870.0,2780.0,2870.0,211532100.0,2839.5,2949.4,0.028673835125448077,0.4010920840865564
2026-07-14,BBRI,2880.0,2890.0,2800.0,2800.0,273911200.0,2830.0,2945.6,-0.024390243902439046,0.36667367350605884
2026-07-15,BBRI,2840.0,2870.0,2810.0,2830.0,182403300.0,2817.5,2941.4,0.010714285714285676,0.3495020272227913
2026-07-16,BBRI,2840.0,2880.0,2830.0,2860.0,197705800.0,2812.5,2935.6,0.010600706713780994,0.32730490618726577
2026-07-17,BBRI,2860.0,3000.0,2840.0,2970.0,439266600.0,2814.5,2931.8,0.03846153846153855,0.3546430084869152
2026-07-20,BBRI,3000.0,3080.0,2990.0,3020.0,393555500.0,2822.0,2926.0,0.01683501683501687,0.3494840768008209
2026-07-21,BBRI,3080.0,3080.0,3040.0,3070.0,320262200.0,2830.0,2922.2,0.01655629139072845,0.3507143676873818
2026-07-22,BBRI,3080.0,3080.0,3020.0,3020.0,200041000.0,2840.5,2918.6,-0.016286644951140072,0.33051906490062083
2026-07-23,BBRI,3030.0,3070.0,2990.0,2990.0,217693500.0,2847.5,2914.0,-0.009933774834437137,0.3315470232461974
2026-07-24,BBRI,2970.0,3020.0,2940.0,2960.0,290905700.0,2852.0,2910.8,-0.010033444816053505,0.3340542231626003
2026-07-27,BBRI,2930.0,2980.0,2920.0,2950.0,201363300.0,2857.5,2907.4,-0.0033783783783783994,0.3315596573102352
2026-07-28,BBRI,2930.0,2970.0,2920.0,2930.0,220772100.0,2867.5,2903.6,-0.006779661016949157,0.2969501004291126
2026-07-29,BBRI,2930.0,2950.0,2910.0,2920.0,132102100.0,2880.0,2900.8,-0.0034129692832765013,0.2826186886518784
2026-07-30,BBRI,2930.0,3010.0,2920.0,2990.0,220548900.0,2895.0,2899.8,0.023972602739726012,0.2907657007591204
2026-07-31,BBRI,3000.0,3040.0,2980.0,3040.0,226634400.0,2911.5,2899.8,0.01672240802675584,0.29345921655001006
2026-08-03,BBRI,3030.0,3030.0,2980.0,3020.0,119721600.0,2923.0,2899.8,-0.006578947368421018,0.2827405101487136
2026-08-04,BBRI,3020.0,3060.0,3000.0,3060.0,191121700.0,2933.0,2900.0,0.013245033112582849,0.27408196015350766
2026-08-05,BBRI,3060.0,3070.0,3020.0,3020.0,111460100.0,2944.5,2897.0,-0.013071895424836555,0.261321692682656
2026-08-06,BBRI,3030.0,3070.0,3030.0,3040.0,117685400.0,2957.5,2896.4,0.0066225165562914245,0.259850238842467
2026-08-07,BBRI,3050.0,3090.0,3040.0,3090.0,65106100.0,2972.5,2896.8,0.016447368421052655,0.26317030908196953
2025-08-07,BMRI,4740.0,4740.0,4680.0,4680.0,61453100.0,4680.0,4680.0,,
2025-08-08,BMRI,4680.0,4700.0,4660.0,4670.0,71516700.0,4675.0,4675.0,-0.002136752136752129,
2025-08-11,BMRI,4710.0,4780.0,4700.0,4720.0,105204200.0,4690.0,4690.0,0.010706638115631772,0.14416669802715798
2025-08-12,BMRI,4770.0,4920.0,4750.0,4910.0,301599000.0,4745.0,4745.0,0.0402542372881356,0.34506577565314517
2025-08-13,BMRI,4930.0,4970.0,4860.0,4870.0,180844900.0,4770.0,4770.0,-0.008146639511201648,0.3419847926903753
2025-08-14,BMRI,4910.0,4930.0,4840.0,4850.0,109457100.0,4783.333333333333,4783.333333333333,-0.004106776180698102,0.3130289778971568
2025-08-15,BMRI,4890.0,4930.0,4850.0,4850.0,126685400.0,4792.857142857143,4792.857142857143,0.0,0.2839657950862144
2025-08-19,BMRI,4860.0,4870.0,4780.0,4800.0,116454000.0,4793.75,4793.75,-0.010309278350515427,0.2772812575802919
2025-08-20,BMRI,4790.0,4950.0,4780.0,4950.0,144622900.0,4811.111111111111,4811.111111111111,0.03125,0.29953361349367585
2025-08-21,BMRI,4950.0,4950.0,4860.0,4900.0,132019200.0,4820.0,4820.0,-0.010101010101010055,0.2947468624266708
2025-08-22,BMRI,4920.0,4920.0,4870.0,4890.0,73104500.0,4826.363636363636,4826.363636363636,-0.0020408163265306367,0.2803015249305983
2025-08-25,BMRI,4950.0,4980.0,4920.0,4950.0,149580800.0,4836.666666666667,4836.666666666667,0.012269938650306678,0.268480893314649
2025-08-26,BMRI,4950.0,4950.0,4860.0,4900.0,308891700.0,4841.538461538462,4841.538461538462,-0.010101010101010055,0.2654643731955781
2025-08-27,BMRI,4840.0,4880.0,4800.0,4800.0,113576300.0,4838.571428571428,4838.571428571428,-0.020408163265306145,0.2758820563006029
2025-08-28,BMRI,4790.0,4850.0,4770.0,4770.0,111707400.0,4834.0,4834.0,-0.006249999999999978,0.26740850647410414
2025-08-29,BMRI,4720.0,4750.0,4660.0,4730.0,176485100.0,4827.5,4827.5,-0.008385744234800874,0.26084216803290217
2025-09-01,BMRI,4550.0,4670.0,4460.0,4600.0,320335300.0,4814.117647058823,4814.117647058823,-0.02748414376321351,0.27592029661527034
2025-09-02,BMRI,4610.0,4670.0,4560.0,4570.0,150045600.0,4800.555555555556,4800.555555555556,-0.006521739130434745,0.2680226124601539
2025-09-03,BMRI,4620.0,4660.0,4570.0,4620.0,131617900.0,4791.0526315789475,4791.0526315789475,0.010940919037199182,0.2640007100225292
2025-09-04,BMRI,4630.0,4680.0,4620.0,4680.0,88735300.0,4785.5,4785.5,0.01298701298701288,0.26128189471068075
2025-09-08,BMRI,4750.0,4750.0,4460.0,4490.0,200234500.0,4776.0,4771.428571428572,-0.040598290598290565,0.2925287735398348
2025-09-09,BMRI,4450.0,4480.0,4310.0,4310.0,509366600.0,4758.0,4750.454545454545,-0.04008908685968815,0.32241444208986897
2025-09-10,BMRI,4360.0,4420.0,4350.0,4400.0,293494200.0,4742.0,4735.217391304348,0.02088167053364276,0.33041308212019976
2025-09-11,BMRI,4480.0,4540.0,4450.0,4480.0,366697800.0,4720.5,4724.583333333333,0.018181818181818077,0.29968586640458406
2025-09-12,BMRI,4500.0,4550.0,4480.0,4520.0,216960200.0,4703.0,4716.4,0.008928571428571397,0.30296700788952574
2025-09-15,BMRI,4550.0,4640.0,4520.0,4530.0,231346000.0,4687.0,4709.2307692307695,0.0022123893805310324,0.30364198058111297
2025-09-16,BMRI,4570.0,4570.0,4460.0,4480.0,122027400.0,4668.5,4700.740740740741,-0.01103752759381893,0.30460997406058254
2025-09-17,BMRI,4480.0,4520.0,4440.0,4510.0,232702500.0,4654.0,4693.928571428572,0.006696428571428603,0.30575711333908
2025-09-18,BMRI,4540.0,4550.0,4420.0,4420.0,177560100.0,4627.5,4684.482758620689,-0.019955654101995512,0.2830080865493777
2025-09-19,BMRI,4350.0,4420.0,4330.0,4380.0,235975900.0,4601.5,4674.333333333333,-0.009049773755656076,0.28280563128110764
2025-09-22,BMRI,4410.0,4420.0,4360.0,4420.0,107176100.0,4578.0,4666.129032258064,0.009132420091324311,0.28733227201590833
2025-09-23,BMRI,4390.0,4430.0,4370.0,4410.0,90675500.0,4551.0,4658.125,-0.002262443438914019,0.28037248034151363
2025-09-24,BMRI,4410.0,4430.0,4390.0,4390.0,85439100.0,4525.5,4650.0,-0.0045351473922902175,0.27988545815174587
2025-09-25,BMRI,4400.0,4410.0,4360.0,4360.0,73946900.0,4503.5,4641.470588235294,-0.006833712984054663,0.27427826549674067
2025-09-26,BMRI,4350.0,4430.0,4350.0,4420.0,86572900.0,4486.0,4635.142857142857,0.013761467889908285,0.2818264274474684
2025-09-29,BMRI,4420.0,4430.0,4400.0,4400.0,63753600.0,4469.5,4628.611111111111,-0.004524886877828038,0.2812989549571236
2025-09-30,BMRI,4420.0,4450.0,4380.0,4400.0,108639600.0,4459.5,4622.4324324324325,0.0,0.2667037433586702
2025-10-01,BMRI,4360.0,4400.0,4350.0,4380.0,92265100.0,4450.0,4616.0526315789475,-0.004545454545454519,0.266359664931248
2025-10-02,BMRI,4410.0,4440.0,4360.0,4360.0,93387400.0,4437.0,4609.48717948718,-0.004566210045662156,0.26203087115638607
2025-10-03,BMRI,4370.0,4380.0,4300.0,4310.0,102459100.0,4418.5,4602.0,-0.011467889908256867,0.2568655573331087
2025-10-06,BMRI,4320.0,4330.0,4260.0,4260.0,96040500.0,4407.0,4593.658536585366,-0.011600928074245953,0.22002452101077144
2025-10-07,BMRI,4260.0,4320.0,4250.0,4290.0,100237500.0,4406.0,4586.428571428572,0.007042253521126751,0.1716025556055597
2025-10-08,BMRI,4280.0,4290.0,4210.0,4250.0,97466800.0,4398.5,4578.604651162791,-0.009324009324009341,0.15514572704321333
2025-10-09,BMRI,4240.0,4450.0,4200.0,4390.0,183242600.0,4394.0,4574.318181818182,0.03294117647058825,0.18599460949140717
2025-10-10,BMRI,4410.0,4420.0,4250.0,4250.0,139911200.0,4380.5,4567.111111111111,-0.03189066059225509,0.21187845290253082
2025-10-13,BMRI,4210.0,4240.0,4200.0,4230.0,79178600.0,4365.5,4559.782608695652,-0.004705882352941226,0.21104679138654656
2025-10-14,BMRI,4220.0,4270.0,4090.0,4090.0,188507000.0,4346.0,4549.787234042553,-0.03309692671394804,0.23490108434285728
2025-10-15,BMRI,4110.0,4140.0,4010.0,4050.0,270562400.0,4323.0,4539.375,-0.009779951100244544,0.2318018623668293
2025-10-16,BMRI,4050.0,4150.0,4050.0,4090.0,125979600.0,4306.5,4530.2040816326535,0.009876543209876631,0.23090869884094162
2025-10-17,BMRI,4110.0,4110.0,4030.0,4050.0,247510000.0,4290.0,4520.6,-0.009779951100244544,0.23114449901007628
2025-10-20,BMRI,4120.0,4320.0,4070.0,4300.0,331939200.0,4284.0,4513.0,0.06172839506172845,0.3260947961011751
2025-10-21,BMRI,4350.0,4390.0,4300.0,4350.0,230858900.0,4281.0,4506.6,0.011627906976744207,0.32919505925631787
2025-10-22,BMRI,4350.0,4460.0,4290.0,4330.0,216261300.0,4278.0,4498.8,-0.0045977011494252595,0.32920534473755436
2025-10-23,BMRI,4310.0,4440.0,4310.0,4430.0,202102500.0,4281.5,4489.2,0.023094688221708903,0.33856071758262346
2025-10-24,BMRI,4380.0,4590.0,4380.0,4550.0,350420300.0,4288.0,4482.8,0.02708803611738153,0.3483804433582237
2025-10-27,BMRI,4590.0,4600.0,4410.0,4470.0,245576100.0,4291.5,4475.2,-0.01758241758241763,0.35449257657517785
2025-10-28,BMRI,4490.0,4510.0,4440.0,4510.0,174666600.0,4297.0,4468.4,0.008948545861297452,0.3555715213953091
2025-10-29,BMRI,4500.0,4650.0,4490.0,4650.0,176978800.0,4310.5,4465.4,0.03104212860310418,0.36974264018415254
2025-10-30,BMRI,4670.0,4830.0,4650.0,4800.0,390256000.0,4332.5,4462.4,0.032258064516129004,0.382309732608842
2025-10-31,BMRI,4790.0,4800.0,4720.0,4720.0,227378000.0,4353.0,4458.8,-0.01666666666666672,0.38572636524719595
2025-11-03,BMRI,4710.0,4760.0,4700.0,4760.0,129834200.0,4378.0,4456.2,0.008474576271186418,0.38093621970899416
2025-11-04,BMRI,4760.0,4790.0,4720.0,4730.0,136412400.0,4400.0,4451.8,-0.006302521008403339,0.38331301008619334
2025-11-05,BMRI,4690.0,4770.0,4680.0,4770.0,102878900.0,4426.0,4449.2,0.008456659619450413,0.3795751567399699
2025-11-06,BMRI,4790.0,4790.0,4750.0,4750.0,57932600.0,4444.0,4448.2,-0.004192872117400381,0.3673825154105973
2025-11-07,BMRI,4750.0,4780.0,4740.0,4750.0,58845500.0,4469.0,4447.8,0.0,0.3424232705696396
2025-11-10,BMRI,4790.0,4790.0,4730.0,4730.0,88738200.0,4494.0,4447.8,-0.004210526315789442,0.34222625971593656
2025-11-11,BMRI,4740.0,4750.0,4610.0,4680.0,168794500.0,4523.5,4449.4,-0.010570824524312905,0.3166363576199617
2025-11-12,BMRI,4680.0,4790.0,4680.0,4760.0,138539800.0,4559.0,4453.2,0.017094017094017033,0.3121463238117167
2025-11-13,BMRI,4760.0,4760.0,4690.0,4700.0,108100300.0,4589.5,4454.8,-0.012605042016806678,0.3207133996805801
2025-11-14,BMRI,4690.0,4750.0,4680.0,4750.0,73479600.0,4624.5,4456.2,0.010638297872340496,0.31453493383688663
2025-11-17,BMRI,4780.0,4850.0,4770.0,4820.0,136477100.0,4650.5,4462.8,0.01473684210526316,0.24497859610158257
2025-11-18,BMRI,4810.0,4850.0,4780.0,4790.0,127022100.0,4672.5,4472.4,-0.006224066390041472,0.24756326079824406
2025-11-19,BMRI,4820.0,4850.0,4800.0,4850.0,107585700.0,4698.5,4481.4,0.012526096033402823,0.2462682984227051
2025-11-20,BMRI,4940.0,4990.0,4900.0,4940.0,234717700.0,4724.0,4490.6,0.01855670103092777,0.24254010409314933
2025-11-21,BMRI,4940.0,4970.0,4900.0,4950.0,142452600.0,4744.0,4499.2,0.002024291497975783,0.2289909026960104
2025-11-24,BMRI,4910.0,5100.0,4870.0,5100.0,303252000.0,4775.5,4510.6,0.030303030303030276,0.23131746018374483
2025-11-25,BMRI,5075.0,5100.0,4950.0,5025.0,169379300.0,4801.25,4521.5,-0.014705882352941124,0.2432200290119978
2025-11-26,BMRI,5025.0,5025.0,4960.0,5025.0,128492000.0,4820.0,4531.8,0.0,0.2242572391915309
2025-11-27,BMRI,5025.0,5025.0,4850.0,4860.0,170213000.0,4823.0,4540.6,-0.032835820895522394,0.2342041743699543
2025-11-28,BMRI,4800.0,4880.0,4800.0,4830.0,128777200.0,4828.5,4549.6,-0.006172839506172867,0.22671121498049315
2025-12-01,BMRI,4850.0,4910.0,4820.0,4860.0,58603700.0,4833.5,4558.4,0.006211180124223503,0.2258954055836264
2025-12-02,BMRI,4920.0,4940.0,4820.0,4850.0,104013500.0,4839.5,4567.2,-0.002057613168724326,0.2245398590049312
2025-12-03,BMRI,4850.0,4920.0,4820.0,4880.0,102556300.0,4845.0,4577.0,0.006185567010309256,0.2237295694977985
2025-12-04,BMRI,4930.0,4940.0,4880.0,4920.0,59392600.0,4853.5,4588.2,0.008196721311475308,0.22406509178726497
2025-12-05,BMRI,4940.0,4940.0,4870.0,4900.0,53969200.0,4861.0,4597.8,-0.004065040650406471,0.2249741034255302
2025-12-08,BMRI,4950.0,4960.0,4910.0,4950.0,62947600.0,4872.0,4608.8,0.010204081632652962,0.22580973978969673
2025-12-09,BMRI,4970.0,4980.0,4870.0,4890.0,134575200.0,4882.5,4618.6,-0.012121212121212088,0.2270520031214627
2025-12-10,BMRI,4950.0,4970.0,4870.0,4970.0,96005900.0,4893.0,4630.4,0.01635991820040905,0.226431471992871
2025-12-11,BMRI,5000.0,5050.0,4830.0,4950.0,151956700.0,4905.5,4642.2,-0.004024144869215318,0.22094322157186286
2025-12-12,BMRI,4980.0,4980.0,4820.0,4820.0,111830600.0,4909.0,4652.4,-0.02626262626262621,0.24122555691588368
2025-12-15,BMRI,4820.0,5025.0,4790.0,4990.0,122451500.0,4917.5,4667.0,0.03526970954356856,0.2665896219699197
2025-12-16,BMRI,5025.0,5050.0,4920.0,5000.0,137373200.0,4928.0,4681.2,0.002004008016031955,0.2648712809209573
2025-12-17,BMRI,4990.0,5025.0,4960.0,5025.0,94254100.0,4936.75,4696.7,0.004999999999999893,0.26234504186688995
2025-12-18,BMRI,5025.0,5175.0,5025.0,5150.0,150669000.0,4947.25,4711.9,0.02487562189054726,0.2685505431527188
2025-12-19,BMRI,5175.0,5200.0,5100.0,5175.0,161960800.0,4958.5,4730.4,0.004854368932038833,0.2687111111061099
2025-12-22,BMRI,5175.0,5200.0,5025.0,5100.0,93615600.0,4958.5,4747.8,-0.01449275362318836,0.2535487177397831
2025-12-23,BMRI,5050.0,5100.0,5000.0,5050.0,44307700.0,4959.75,4767.0,-0.009803921568627416,0.2503232821876481
2025-12-24,BMRI,5025.0,5100.0,5025.0,5050.0,40272500.0,4961.0,4787.0,0.0,0.2503232821876481
2025-12-29,BMRI,5075.0,5150.0,5050.0,5075.0,55697500.0,4971.75,4806.7,0.004950495049504955,0.217652468530089
2025-12-30,BMRI,5075.0,5150.0,5050.0,5100.0,74077800.0,4985.25,4827.7,0.0049261083743843415,0.21550708479061376
2026-01-02,BMRI,5125.0,5150.0,5025.0,5075.0,59263700.0,4996.0,4843.2,-0.004901960784313708,0.21678778936406257
2026-01-05,BMRI,5075.0,5100.0,5025.0,5050.0,108458200.0,5006.0,4857.2,-0.0049261083743842304,0.21778145226020026
2026-01-06,BMRI,4990.0,4990.0,4880.0,4880.0,180600600.0,5006.0,4868.2,-0.03366336633663369,0.2512573139442917
2026-01-07,BMRI,4890.0,4900.0,4800.0,4810.0,284261700.0,5000.5,4875.8,-0.014344262295082011,0.2543665422184205
2026-01-08,BMRI,4820.0,4880.0,4810.0,4810.0,108534300.0,4996.0,4881.0,0.0,0.25412774478531663
2026-01-09,BMRI,4820.0,4840.0,4760.0,4760.0,104703800.0,4986.5,4886.8,-0.01039501039501034,0.25280807504863906
2026-01-12,BMRI,4780.0,4850.0,4720.0,4770.0,118384500.0,4980.5,4892.0,0.0021008403361344463,0.2501596088595012
2026-01-13,BMRI,4800.0,4840.0,4780.0,4820.0,93419500.0,4973.0,4895.4,0.01048218029350112,0.2455385625873929
2026-01-14,BMRI,4840.0,4850.0,4770.0,4840.0,114314800.0,4967.5,4896.2,0.004149377593360981,0.24610119973033842
2026-01-15,BMRI,4840.0,5075.0,4830.0,4990.0,245024400.0,4976.0,4901.6,0.030991735537190035,0.2520224190901629
2026-01-19,BMRI,5025.0,5100.0,4980.0,5000.0,197645100.0,4976.5,4906.4,0.002004008016031955,0.219024755309452
2026-01-20,BMRI,5000.0,5075.0,4990.0,5025.0,93803800.0,4977.75,4912.3,0.004999999999999893,0.2196111551779482
2026-01-21,BMRI,5025.0,5025.0,4930.0,4990.0,117548600.0,4976.0,4916.7,-0.006965174129353269,0.22034975252815062
2026-01-22,BMRI,4990.0,5025.0,4930.0,4980.0,145002200.0,4967.5,4921.3,-0.002004008016032066,0.19934156696789238
2026-01-23,BMRI,4980.0,5000.0,4870.0,4990.0,116237200.0,4958.25,4926.1,0.002008032128514081,0.19837256968173747
2026-01-26,BMRI,4910.0,4970.0,4870.0,4910.0,225443300.0,4948.75,4929.7,-0.01603206412825653,0.1997550605114038
2026-01-27,BMRI,4860.0,4910.0,4800.0,4810.0,160620600.0,4936.75,4932.3,-0.020366598778004064,0.20867331113375237
2026-01-28,BMRI,4570.0,4810.0,4410.0,4560.0,643802800.0,4912.25,4928.3,-0.05197505197505192,0.2726596535316782
2026-01-29,BMRI,4420.0,4640.0,4070.0,4630.0,907054600.0,4890.0,4926.9,0.015350877192982448,0.2800661508913411
2026-01-30,BMRI,4700.0,4880.0,4630.0,4820.0,343393600.0,4876.0,4928.3,0.0410367170626349,0.32222243107952797
2026-02-02,BMRI,4900.0,4920.0,4710.0,4800.0,290622800.0,4862.25,4927.9,-0.004149377593360981,0.32216288716680774
2026-02-03,BMRI,4830.0,4850.0,4710.0,4830.0,169775800.0,4851.25,4928.7,0.006250000000000089,0.32352534042675224
2026-02-04,BMRI,4860.0,5025.0,4830.0,5000.0,232816800.0,4857.25,4931.7,0.035196687370600444,0.32653534823141195
2026-02-05,BMRI,5050.0,5100.0,5000.0,5050.0,209505400.0,4869.25,4933.9,0.010000000000000009,0.32235791091409516
2026-02-06,BMRI,4950.0,5050.0,4890.0,5050.0,278775900.0,4881.25,4935.9,0.0,0.32235791091409516
2026-02-09,BMRI,5050.0,5075.0,4950.0,5000.0,177079900.0,4893.25,4933.9,-0.00990099009900991,0.322097743846504
2026-02-10,BMRI,5000.0,5100.0,4990.0,5100.0,177110700.0,4909.75,4935.4,0.020000000000000018,0.32790058968207164
2026-02-11,BMRI,5075.0,5100.0,4990.0,5025.0,201135900.0,4920.0,4935.4,-0.014705882352941124,0.3329918324075289
2026-02-12,BMRI,5025.0,5075.0,5000.0,5075.0,121407500.0,4931.75,4939.7,0.00995024875621886,0.3340553631133733
2026-02-13,BMRI,5050.0,5075.0,4970.0,5075.0,157236900.0,4936.0,4944.6,0.0,0.3167674304558013
2026-02-18,BMRI,5075.0,5275.0,5050.0,5275.0,212076100.0,4949.75,4952.9,0.039408866995073843,0.34486541006386257
2026-02-19,BMRI,5275.0,5300.0,5050.0,5075.0,133827800.0,4952.25,4957.4,-0.03791469194312791,0.373834790371405
2026-02-20,BMRI,5100.0,5175.0,5050.0,5125.0,88563800.0,4959.0,4962.3,0.009852216748768461,0.3739921003080368
2026-02-23,BMRI,5150.0,5275.0,5150.0,5275.0,131077800.0,4973.75,4969.4,0.029268292682926855,0.38626736222015856
2026-02-24,BMRI,5275.0,5375.0,5250.0,5375.0,203553200.0,4993.0,4978.9,0.018957345971563955,0.3902595651431318
2026-02-25,BMRI,5350.0,5375.0,5300.0,5300.0,147700600.0,5012.5,4985.9,-0.013953488372092981,0.3889110881052206
2026-02-26,BMRI,5350.0,5350.0,5200.0,5325.0,120621100.0,5038.25,4994.6,0.004716981132075526,0.3780078873593585
2026-02-27,BMRI,5325.0,5350.0,5275.0,5275.0,206461200.0,5074.0,5000.7,-0.009389671361502372,0.31774518887245656
2026-03-02,BMRI,5125.0,5175.0,5050.0,5075.0,168721700.0,5096.25,5003.2,-0.03791469194312791,0.3544239655584063
2026-03-03,BMRI,5100.0,5175.0,5050.0,5100.0,106384700.0,5110.25,5008.8,0.0049261083743843415,0.3276734717251881
2026-03-04,BMRI,5050.0,5075.0,4870.0,4980.0,294487200.0,5119.25,5008.6,-0.02352941176470591,0.3402837236200533
2026-03-05,BMRI,5025.0,5125.0,5000.0,5125.0,133690000.0,5134.0,5011.1,0.029116465863453733,0.35344334302661334
2026-03-06,BMRI,5075.0,5100.0,4950.0,4980.0,127625100.0,5133.0,5010.2,-0.028292682926829293,0.3490440840065596
2026-03-09,BMRI,4800.0,4870.0,4780.0,4820.0,217673200.0,5121.5,5003.6,-0.032128514056224855,0.3647636278620914
2026-03-10,BMRI,4920.0,4990.0,4860.0,4910.0,124581800.0,5114.5,4998.3,0.018672199170124415,0.37212107415691326
2026-03-11,BMRI,4930.0,4970.0,4880.0,4880.0,86606500.0,5108.5,4993.9,-0.006109979633401208,0.37117983184137054
2026-03-12,BMRI,4870.0,4980.0,4870.0,4960.0,85989900.0,5101.5,4992.1,0.016393442622950838,0.3686919634706326
2026-03-13,BMRI,4900.0,4920.0,4750.0,4750.0,187462500.0,5087.75,4986.1,-0.04233870967741937,0.3943387523644936
2026-03-16,BMRI,4730.0,4740.0,4630.0,4700.0,149035900.0,5069.0,4978.6,-0.010526315789473717,0.3924475979126483
2026-03-17,BMRI,4750.0,4780.0,4710.0,4730.0,274977700.0,5051.75,4971.2,0.006382978723404209,0.39386258633892274
2026-03-25,BMRI,4650.0,4970.0,4650.0,4970.0,389331300.0,5036.5,4969.1,0.05073995771670181,0.4117749302104328
2026-03-26,BMRI,4970.0,4980.0,4840.0,4840.0,120735200.0,5024.75,4964.9,-0.026156941649899346,0.4003784510666423
2026-03-27,BMRI,4840.0,4870.0,4760.0,4760.0,73158700.0,5006.5,4962.5,-0.016528925619834656,0.4009138954578316
2026-03-30,BMRI,4710.0,4750.0,4690.0,4700.0,110819500.0,4977.75,4960.3,-0.012605042016806678,0.3828253470853783
2026-03-31,BMRI,4710.0,4790.0,4700.0,4720.0,184777500.0,4945.0,4958.5,0.004255319148936065,0.3738301785528385
2026-04-01,BMRI,4800.0,4830.0,4680.0,4720.0,162832600.0,4916.0,4957.7,0.0,0.37327925152013325
2026-04-02,BMRI,4720.0,4730.0,4640.0,4650.0,109496300.0,4882.25,4955.3,-0.014830508474576232,0.37262037798404063
2026-04-06,BMRI,4650.0,4700.0,4600.0,4610.0,60887500.0,4849.0,4951.1,-0.008602150537634357,0.3725496665857031
2026-04-07,BMRI,4600.0,4610.0,4500.0,4510.0,190831700.0,4820.75,4944.5,-0.021691973969631184,0.3585676740290969
2026-04-08,BMRI,4670.0,4700.0,4630.0,4670.0,169872400.0,4799.25,4938.1,0.0354767184035476,0.3858701809728249
2026-04-09,BMRI,4650.0,4650.0,4570.0,4570.0,128431200.0,4778.75,4929.5,-0.021413276231263434,0.3845288501170414
2026-04-10,BMRI,4580.0,4700.0,4580.0,4670.0,103583800.0,4756.0,4922.4,0.02188183807439814,0.37704747679751105
2026-04-13,BMRI,4640.0,4660.0,4600.0,4600.0,103202100.0,4737.0,4914.6,-0.01498929336188437,0.368718150679188
2026-04-14,BMRI,4670.0,4720.0,4650.0,4710.0,135501000.0,4731.5,4909.2,0.023913043478260843,0.3650658193874031
2026-04-15,BMRI,4750.0,4770.0,4640.0,4650.0,104621600.0,4718.5,4902.4,-0.01273885350318471,0.35971339149267023
2026-04-16,BMRI,4680.0,4680.0,4620.0,4640.0,120500900.0,4706.5,4897.0,-0.0021505376344086446,0.35945711461869156
2026-04-17,BMRI,4670.0,4700.0,4580.0,4620.0,125867600.0,4689.5,4893.2,-0.004310344827586188,0.3526428012957422
2026-04-20,BMRI,4640.0,4670.0,4590.0,4620.0,104938900.0,4683.0,4894.4,0.0,0.3211111682267045
2026-04-21,BMRI,4610.0,4700.0,4610.0,4700.0,120070400.0,4683.0,4895.8,0.017316017316017396,0.32555790602327667
2026-04-22,BMRI,4700.0,4770.0,4700.0,4750.0,113814200.0,4684.0,4894.4,0.010638297872340496,0.3269775572595341
2026-04-23,BMRI,4760.0,4770.0,4630.0,4630.0,133792200.0,4667.0,4891.0,-0.025263157894736876,0.279694248938306
2026-04-24,BMRI,4630.0,4630.0,4490.0,4500.0,218703100.0,4650.0,4884.4,-0.02807775377969768,0.28184283598955473
2026-04-27,BMRI,4500.0,4510.0,4360.0,4400.0,257209000.0,4632.0,4872.4,-0.022222222222222254,0.28603070217963406
2026-04-28,BMRI,4420.0,4480.0,4350.0,4430.0,246361500.0,4618.5,4860.0,0.006818181818181834,0.28638325411729443
2026-04-29,BMRI,4440.0,4530.0,4430.0,4430.0,201458600.0,4604.0,4847.6,0.0,0.2853895383903204
2026-04-30,BMRI,4430.0,4450.0,4370.0,4390.0,186960200.0,4587.5,4835.4,-0.009029345372460473,0.2859247513934129
2026-05-04,BMRI,4430.0,4470.0,4410.0,4420.0,166294600.0,4576.0,4821.8,0.006833712984054774,0.28484114884325307
2026-05-05,BMRI,4420.0,4570.0,4410.0,4490.0,186702000.0,4570.0,4811.1,0.015837104072398134,0.2909068842890463
2026-05-06,BMRI,4530.0,4550.0,4480.0,4510.0,156255400.0,4570.0,4799.8,0.00445434298440972,0.2810681547123222
2026-05-07,BMRI,4570.0,4640.0,4550.0,4640.0,262269600.0,4568.5,4791.1,0.02882483370288247,0.2707825742194103
2026-05-08,BMRI,4650.0,4710.0,4620.0,4630.0,369212800.0,4571.5,4778.2,-0.0021551724137931494,0.25913558906314854
2026-05-11,BMRI,4310.0,4340.0,4250.0,4250.0,424518900.0,4550.5,4761.7,-0.08207343412527002,0.3809509316233755
2026-05-12,BMRI,4270.0,4270.0,4190.0,4240.0,221247900.0,4532.5,4744.0,-0.0023529411764705577,0.3789357966921356
2026-05-13,BMRI,4230.0,4250.0,4190.0,4200.0,192288300.0,4507.0,4722.5,-0.009433962264150941,0.3648303541346161
2026-05-14,BMRI,4200.0,4200.0,4200.0,4200.0,0.0,4484.5,4699.0,0.0,0.36425859392663495
2026-05-15,BMRI,4200.0,4200.0,4200.0,4200.0,0.0,4462.5,4677.0,0.0,0.3645472872879542
2026-05-18,BMRI,4170.0,4170.0,4080.0,4130.0,316067300.0,4438.0,4653.1,-0.01666666666666672,0.36699802482003413
2026-05-19,BMRI,4130.0,4260.0,4100.0,4130.0,306901800.0,4413.5,4630.2,0.0,0.36699802482003413
2026-05-20,BMRI,4150.0,4290.0,4110.0,4230.0,308468000.0,4390.0,4613.3,0.02421307506053272,0.3734028066336952
2026-05-21,BMRI,4280.0,4280.0,4130.0,4170.0,137461700.0,4361.0,4594.7,-0.014184397163120588,0.37001026320624814
2026-05-22,BMRI,4140.0,4150.0,4040.0,4120.0,190022900.0,4335.5,4577.5,-0.011990407673860948,0.36390107694403984
2026-05-25,BMRI,4160.0,4300.0,4130.0,4220.0,235113500.0,4321.5,4559.4,0.024271844660194164,0.3683548562974352
2026-05-26,BMRI,4210.0,4220.0,4130.0,4130.0,181583300.0,4308.0,4542.4,-0.021327014218009532,0.367746620599984
2026-05-27,BMRI,4130.0,4130.0,4130.0,4130.0,0.0,4293.0,4528.6,0.0,0.3661502940199615
2026-05-28,BMRI,4130.0,4130.0,4130.0,4130.0,0.0,4278.0,4513.0,0.0,0.3661502940199615
2026-05-29,BMRI,4120.0,4190.0,4080.0,4080.0,442625300.0,4262.5,4497.0,-0.01210653753026636,0.3669577646969996
2026-06-02,BMRI,4090.0,4190.0,4090.0,4170.0,261911500.0,4250.0,4481.2,0.022058823529411686,0.37644238004928693
2026-06-03,BMRI,4200.0,4200.0,4020.0,4050.0,287274100.0,4228.0,4467.2,-0.02877697841726623,0.3806986510685038
2026-06-04,BMRI,4050.0,4060.0,3930.0,3970.0,328529500.0,4201.0,4452.6,-0.01975308641975304,0.38253440516236586
2026-06-05,BMRI,3900.0,3950.0,3820.0,3840.0,320689600.0,4161.0,4434.8,-0.032745591939546626,0.3702733628038467
2026-06-08,BMRI,3810.0,3900.0,3700.0,3710.0,387103400.0,4115.0,4409.6,-0.03385416666666663,0.37931593243399914
2026-06-09,BMRI,3650.0,4090.0,3650.0,4090.0,484957600.0,4107.0,4394.6,0.10242587601078168,0.4729199355098795
2026-06-10,BMRI,4100.0,4260.0,4050.0,4260.0,359183100.0,4108.0,4384.6,0.041564792176039145,0.49696581025083425
2026-06-11,BMRI,4260.0,4340.0,4140.0,4250.0,308861000.0,4110.5,4375.6,-0.0023474178403756207,0.4956870555414796
2026-06-12,BMRI,4320.0,4320.0,4200.0,4200.0,241735800.0,4110.5,4365.2,-0.0117647058823529,0.49776890257320905
2026-06-15,BMRI,4300.0,4500.0,4300.0,4500.0,310948900.0,4125.5,4360.8,0.0714285714285714,0.5578577872259503
2026-06-17,BMRI,4500.0,4570.0,4390.0,4490.0,286865700.0,4143.5,4357.6,-0.0022222222222222365,0.5530886533881988
2026-06-18,BMRI,4440.0,4470.0,4340.0,4470.0,190568200.0,4160.5,4354.8,-0.0044543429844098315,0.5538209614277821
2026-06-19,BMRI,4390.0,4470.0,4300.0,4310.0,377274300.0,4164.5,4350.8,-0.03579418344519014,0.5663432101543117
2026-06-22,BMRI,4320.0,4340.0,4220.0,4220.0,101336500.0,4167.0,4341.8,-0.02088167053364265,0.5692978047753606
2026-06-23,BMRI,4200.0,4210.0,4090.0,4120.0,248512500.0,4167.0,4332.8,-0.023696682464455,0.5743852628880127
2026-06-24,BMRI,4130.0,4180.0,3970.0,3970.0,254221600.0,4154.5,4318.8,-0.036407766990291246,0.5815595441285079
2026-06-25,BMRI,3970.0,4090.0,3960.0,4000.0,275422800.0,4148.0,4306.8,0.007556675062972307,0.5781408827605862
2026-06-26,BMRI,4000.0,4040.0,3900.0,3990.0,247361000.0,4141.0,4292.4,-0.0024999999999999467,0.5781522940555178
2026-06-29,BMRI,3990.0,4010.0,3930.0,3940.0,120733900.0,4131.5,4278.2,-0.01253132832080206,0.5795416785540559
2026-06-30,BMRI,3930.0,3930.0,3830.0,3850.0,200553100.0,4120.0,4262.4,-0.022842639593908642,0.5833293518841538
2026-07-01,BMRI,3810.0,3880.0,3800.0,3810.0,142033400.0,4102.0,4246.2,-0.010389610389610393,0.57670877761219
2026-07-02,BMRI,3810.0,3960.0,3810.0,3900.0,181957900.0,4094.5,4231.8,0.023622047244094446,0.5767230970154679
2026-07-03,BMRI,3950.0,4040.0,3950.0,4010.0,97694100.0,4096.5,4218.0,0.028205128205128105,0.581453339868949
2026-07-06,BMRI,4020.0,4040.0,3940.0,4030.0,143666300.0,4106.0,4203.6,0.004987531172069737,0.5675670995832369
2026-07-07,BMRI,4030.0,4090.0,3990.0,4070.0,181399100.0,4124.0,4192.4,0.00992555831265518,0.5508875214535918
2026-07-08,BMRI,4080.0,4080.0,3970.0,3970.0,107252600.0,4118.0,4181.8,-0.02457002457002455,0.4232513259988567
2026-07-09,BMRI,3960.0,4040.0,3950.0,4040.0,109084100.0,4107.0,4174.6,0.017632241813602123,0.39904614228889707
2026-07-10,BMRI,4050.0,4080.0,4010.0,4080.0,73997600.0,4098.5,4167.6,0.00990099009900991,0.4014096251526364
2026-07-13,BMRI,4070.0,4260.0,4020.0,4250.0,140381100.0,4101.0,4164.0,0.04166666666666674,0.42765982870226493
2026-07-14,BMRI,4250.0,4260.0,4130.0,4160.0,186937300.0,4084.0,4159.4,-0.02117647058823524,0.34318114035420916
2026-07-15,BMRI,4220.0,4270.0,4170.0,4200.0,145283200.0,4069.5,4155.0,0.009615384615384581,0.3464137475407109
2026-07-16,BMRI,4240.0,4310.0,4220.0,4310.0,103434900.0,4061.5,4151.4,0.026190476190476097,0.3615793890098533
2026-07-17,BMRI,4310.0,4490.0,4270.0,4480.0,258763500.0,4070.0,4150.8,0.03944315545243615,0.36574459067097725
2026-07-20,BMRI,4480.0,4520.0,4420.0,4450.0,197096400.0,4081.5,4147.0,-0.006696428571428603,0.35724498496473195
2026-07-21,BMRI,4480.0,4490.0,4430.0,4480.0,135068500.0,4099.5,4144.0,0.006741573033707926,0.34325762051573194
2026-07-22,BMRI,4490.0,4490.0,4410.0,4420.0,93136600.0,4122.0,4147.4,-0.013392857142857095,0.3155555020544358
2026-07-23,BMRI,4450.0,4470.0,4330.0,4380.0,160468800.0,4141.0,4150.2,-0.009049773755656076,0.31964765008980967
2026-07-24,BMRI,4280.0,4290.0,4120.0,4130.0,403126400.0,4148.0,4148.8,-0.057077625570776225,0.3875394022826945
2026-07-27,BMRI,4110.0,4160.0,4060.0,4160.0,233516000.0,4159.0,4148.0,0.007263922518159882,0.3840422349318554
2026-07-28,BMRI,4150.0,4190.0,4100.0,4100.0,162841200.0,4171.5,4146.0,-0.014423076923076872,0.37763733121234433
2026-07-29,BMRI,4120.0,4140.0,4060.0,4090.0,125647800.0,4185.5,4145.2,-0.0024390243902439046,0.37482500057176305
2026-07-30,BMRI,4100.0,4200.0,4100.0,4160.0,100897800.0,4198.5,4145.8,0.017114914425427896,0.37095686997182153
2026-07-31,BMRI,4180.0,4200.0,4160.0,4190.0,97657300.0,4207.5,4145.0,0.007211538461538547,0.3597228329678547
2026-08-03,BMRI,4230.0,4230.0,4140.0,4170.0,76254300.0,4214.5,4145.0,-0.004773269689737458,0.36047502883880134
2026-08-04,BMRI,4170.0,4260.0,4170.0,4260.0,121374800.0,4224.0,4147.8,0.021582733812949728,0.36622261917701915
2026-08-05,BMRI,4260.0,4280.0,4220.0,4220.0,122781400.0,4236.5,4147.8,-0.009389671361502372,0.3551149962896679
2026-08-06,BMRI,4240.0,4280.0,4200.0,4200.0,95744300.0,4244.5,4149.2,-0.004739336492891044,0.3520027292063972
2026-08-07,BMRI,4220.0,4270.0,4220.0,4270.0,17554200.0,4254.0,4152.0,0.016666666666666607,0.3547796326890056
2025-08-07,BREN,7325.0,7375.0,7025.0,7250.0,25660000.0,7250.0,7250.0,,
2025-08-08,BREN,7925.0,8050.0,7375.0,7950.0,73663400.0,7600.0,7600.0,0.096551724137931,
2025-08-11,BREN,8050.0,8825.0,7850.0,8750.0,84544500.0,7983.333333333333,7983.333333333333,0.10062893081761004,0.04576653147127536
2025-08-12,BREN,8900.0,9325.0,8825.0,9100.0,72575500.0,8262.5,8262.5,0.040000000000000036,0.537963485297521
2025-08-13,BREN,9150.0,9450.0,8875.0,9100.0,55874800.0,8430.0,8430.0,0.0,0.7659759238633288
2025-08-14,BREN,9200.0,9375.0,9150.0,9225.0,37491300.0,8562.5,8562.5,0.013736263736263687,0.7380042349295384
2025-08-15,BREN,9275.0,9325.0,8700.0,8750.0,39895400.0,8589.285714285714,8589.285714285714,-0.051490514905149,0.9326835640048117
2025-08-19,BREN,8750.0,8925.0,8475.0,8575.0,30511700.0,8587.5,8587.5,-0.020000000000000018,0.9093672266508585
2025-08-20,BREN,8600.0,8750.0,8550.0,8600.0,15708700.0,8588.888888888889,8588.888888888889,0.00291545189504383,0.851509845687841
2025-08-21,BREN,8600.0,8600.0,8250.0,8425.0,23015500.0,8572.5,8572.5,-0.02034883720930236,0.8285824339628735
2025-08-22,BREN,8425.0,8575.0,8350.0,8525.0,18611300.0,8568.181818181818,8568.181818181818,0.011869436201780381,0.7818008165360048
2025-08-25,BREN,8575.0,9050.0,8525.0,8925.0,27637600.0,8597.916666666666,8597.916666666666,0.04692082111436946,0.7550328883666815
2025-08-26,BREN,8975.0,9100.0,8650.0,8875.0,37895200.0,8619.23076923077,8619.23076923077,-0.0056022408963585235,0.7294459113201142
2025-08-27,BREN,9000.0,9850.0,8950.0,9800.0,76579700.0,8703.57142857143,8703.57142857143,0.10422535211267614,0.7950469068005203
2025-08-28,BREN,9750.0,9850.0,9175.0,9300.0,50123200.0,8743.333333333334,8743.333333333334,-0.05102040816326525,0.8284480426104742
2025-08-29,BREN,9000.0,9425.0,8825.0,9025.0,51571200.0,8760.9375,8760.9375,-0.029569892473118253,0.8229296793661594
2025-09-01,BREN,8650.0,9125.0,8600.0,8950.0,48145300.0,8772.058823529413,8772.058823529413,-0.008310249307479256,0.8008204722100952
2025-09-02,BREN,9050.0,9100.0,8825.0,8825.0,27352000.0,8775.0,8775.0,-0.013966480446927387,0.7830483783736867
2025-09-03,BREN,8875.0,8925.0,8600.0,8600.0,30961700.0,8765.78947368421,8765.78947368421,-0.025495750708215303,0.7730208954240373
2025-09-04,BREN,8600.0,8725.0,8525.0,8625.0,15343800.0,8758.75,8758.75,0.0029069767441860517,0.7517653669643358
2025-09-08,BREN,8675.0,8950.0,8550.0,8575.0,31595900.0,8825.0,8750.0,-0.005797101449275366,0.7339168862008031
2025-09-09,BREN,8600.0,8725.0,8250.0,8325.0,24691700.0,8843.75,8730.681818181818,-0.029154518950437303,0.6686972882048059
2025-09-10,BREN,8525.0,8650.0,8350.0,8550.0,19395400.0,8833.75,8722.826086956522,0.027027027027026973,0.5701251611068108
2025-09-11,BREN,8600.0,8650.0,8400.0,8550.0,15391700.0,8806.25,8715.625,0.0,0.5496988354501927
2025-09-12,BREN,8700.0,8850.0,8600.0,8650.0,16236100.0,8783.75,8713.0,0.011695906432748648,0.5519836518766846
2025-09-15,BREN,8650.0,8950.0,8650.0,8875.0,19471400.0,8766.25,8719.23076923077,0.026011560693641522,0.5583007808076302
2025-09-16,BREN,9000.0,9050.0,8775.0,8875.0,11936400.0,8772.5,8725.0,0.0,0.5259598146585515
2025-09-17,BREN,8875.0,9200.0,8775.0,8925.0,25326200.0,8790.0,8732.142857142857,0.005633802816901401,0.520083909755029
2025-09-18,BREN,8950.0,9200.0,8900.0,9075.0,42983000.0,8813.75,8743.965517241379,0.01680672268907557,0.5225637182640847
2025-09-19,BREN,9125.0,9125.0,8800.0,9050.0,38933800.0,8845.0,8754.166666666666,-0.0027548209366391463,0.5157390162477254
2025-09-22,BREN,9050.0,9050.0,8775.0,8925.0,30798500.0,8865.0,8759.677419354839,-0.013812154696132617,0.5186372594601402
2025-09-23,BREN,8925.0,9200.0,8900.0,9025.0,29343200.0,8870.0,8767.96875,0.011204481792717047,0.4931984456464848
2025-09-24,BREN,9150.0,9400.0,8875.0,8875.0,57939000.0,8870.0,8771.212121212122,-0.0166204986149584,0.4966935133872638
2025-09-25,BREN,8850.0,9100.0,8525.0,8800.0,33165700.0,8820.0,8772.058823529413,-0.008450704225352101,0.3106477941945422
2025-09-26,BREN,9000.0,9300.0,8925.0,9025.0,35396100.0,8806.25,8779.285714285714,0.02556818181818188,0.2780072382725503
2025-09-29,BREN,9025.0,9950.0,8975.0,9675.0,102431800.0,8838.75,8804.166666666666,0.07202216066481992,0.36234464009537665
2025-09-30,BREN,9800.0,9800.0,9275.0,9375.0,39361700.0,8860.0,8819.594594594595,-0.03100775193798455,0.38083001175608594
2025-10-01,BREN,9425.0,9500.0,9150.0,9150.0,31562600.0,8876.25,8828.28947368421,-0.02400000000000002,0.3882096484745359
2025-10-02,BREN,9175.0,9275.0,9025.0,9175.0,23891800.0,8905.0,8837.179487179486,0.002732240437158362,0.3742879749462038
2025-10-03,BREN,9375.0,9800.0,9350.0,9550.0,53213300.0,8951.25,8855.0,0.04087193460490468,0.39705736552895904
2025-10-06,BREN,9675.0,10150.0,9575.0,9975.0,67361900.0,9021.25,8882.317073170732,0.04450261780104703,0.4178456474892905
2025-10-07,BREN,10150.0,10350.0,9900.0,9975.0,43961800.0,9103.75,8908.333333333334,0.0,0.39577464896378456
2025-10-08,BREN,10050.0,10100.0,9300.0,9650.0,43227100.0,9158.75,8925.581395348838,-0.03258145363408527,0.41652224466637217
2025-10-09,BREN,9700.0,10075.0,9500.0,9875.0,38499900.0,9225.0,8947.15909090909,0.023316062176165886,0.4199854701456585
2025-10-10,BREN,9900.0,9975.0,9650.0,9850.0,37198100.0,9285.0,8967.222222222223,-0.0025316455696202667,0.4211606030144332
2025-10-13,BREN,9600.0,10250.0,9575.0,9825.0,52095700.0,9332.5,8985.869565217392,-0.0025380710659898,0.41609077500660435
2025-10-14,BREN,9850.0,9900.0,9100.0,9675.0,47389000.0,9372.5,9000.531914893618,-0.01526717557251911,0.4222116048115607
2025-10-15,BREN,9675.0,9725.0,9250.0,9550.0,30362500.0,9403.75,9011.979166666666,-0.012919896640826822,0.4267530691089807
2025-10-16,BREN,9650.0,9825.0,9475.0,9800.0,26735900.0,9440.0,9028.061224489797,0.02617801047120416,0.43182885118420766
2025-10-17,BREN,9800.0,9800.0,9100.0,9300.0,48110600.0,9452.5,9033.5,-0.05102040816326525,0.47405416339864054
2025-10-20,BREN,9350.0,9425.0,9125.0,9275.0,20358300.0,9470.0,9074.0,-0.0026881720430107503,0.47083428903460955
2025-10-21,BREN,9250.0,9350.0,9200.0,9250.0,10678300.0,9481.25,9100.0,-0.0026954177897574594,0.4699471598807531
2025-10-22,BREN,9250.0,9275.0,9075.0,9100.0,15204100.0,9492.5,9107.0,-0.01621621621621616,0.4697409148785334
2025-10-23,BREN,9125.0,9175.0,8850.0,9025.0,21356000.0,9503.75,9105.5,-0.008241758241758212,0.46968182566578204
2025-10-24,BREN,9000.0,9300.0,8950.0,9175.0,18440900.0,9511.25,9107.0,0.016620498614958512,0.4646919011808713
2025-10-27,BREN,9050.0,9075.0,7800.0,8900.0,156992400.0,9472.5,9100.5,-0.02997275204359673,0.39430380579903274
2025-10-28,BREN,8900.0,8975.0,8400.0,8900.0,39432500.0,9448.75,9103.5,0.0,0.38114460066225964
2025-10-29,BREN,8975.0,9000.0,8675.0,8750.0,20629000.0,9428.75,9107.0,-0.016853932584269704,0.37657070405659754
2025-10-30,BREN,8750.0,8900.0,8525.0,8625.0,14234100.0,9401.25,9107.5,-0.014285714285714235,0.37859479750237185
2025-10-31,BREN,8700.0,8850.0,8650.0,8675.0,11425900.0,9357.5,9112.5,0.005797101449275255,0.343783959570529
2025-11-03,BREN,8800.0,9400.0,8775.0,9275.0,48431600.0,9322.5,9127.5,0.0691642651296831,0.3974331279842989
2025-11-04,BREN,9400.0,9750.0,9175.0,9225.0,55631300.0,9285.0,9133.5,-0.005390835579514808,0.397293464914095
2025-11-05,BREN,9200.0,9750.0,9125.0,9750.0,53216800.0,9290.0,9151.0,0.05691056910569103,0.43585490955287914
2025-11-06,BREN,10000.0,10175.0,9500.0,9925.0,103014800.0,9292.5,9153.5,0.017948717948717885,0.43259271560992446
2025-11-07,BREN,9925.0,9975.0,9750.0,9975.0,32421800.0,9298.75,9167.0,0.005037783375314797,0.43270037979014875
2025-11-10,BREN,10000.0,10725.0,9975.0,10225.0,84614200.0,9318.75,9191.0,0.02506265664160412,0.44074230943700066
2025-11-11,BREN,10325.0,10350.0,9900.0,10025.0,39156400.0,9336.25,9212.5,-0.019559902200488977,0.44327530295093287
2025-11-12,BREN,10050.0,10100.0,9875.0,9925.0,24978600.0,9355.0,9234.5,-0.009975062344139696,0.4420696299622576
2025-11-13,BREN,9975.0,10025.0,9725.0,9900.0,39026800.0,9360.0,9260.5,-0.0025188916876573986,0.43314944976485903
2025-11-14,BREN,9825.0,9900.0,9750.0,9750.0,18481200.0,9382.5,9283.0,-0.015151515151515138,0.3930271967577093
2025-11-17,BREN,9800.0,9925.0,9675.0,9725.0,24739000.0,9405.0,9306.0,-0.002564102564102555,0.3930050944536782
2025-11-18,BREN,9750.0,9800.0,9575.0,9625.0,22462800.0,9423.75,9332.0,-0.010282776349614386,0.3952914964342067
2025-11-19,BREN,9725.0,9775.0,9600.0,9675.0,23150100.0,9452.5,9354.5,0.0051948051948051965,0.3892667737684851
2025-11-20,BREN,9775.0,9875.0,9675.0,9800.0,47084000.0,9491.25,9379.5,0.012919896640826822,0.38815702981664585
2025-11-21,BREN,9800.0,9900.0,9675.0,9850.0,53431000.0,9525.0,9403.5,0.005102040816326481,0.38549350786179265
2025-11-24,BREN,10025.0,10125.0,9775.0,10125.0,694632000.0,9586.25,9428.5,0.027918781725888353,0.37272704185090544
2025-11-25,BREN,10125.0,10125.0,9625.0,9650.0,34782900.0,9623.75,9444.0,-0.04691358024691361,0.41835851879210884
2025-11-26,BREN,9850.0,9850.0,9400.0,9575.0,41654800.0,9665.0,9457.0,-0.007772020725388629,0.4134587416180398
2025-11-27,BREN,9525.0,9600.0,9400.0,9525.0,23357600.0,9710.0,9466.0,-0.005221932114882533,0.4091292867944203
2025-11-28,BREN,9575.0,9625.0,9450.0,9575.0,21597800.0,9755.0,9476.5,0.005249343832020914,0.4091248187600438
2025-12-01,BREN,9625.0,9625.0,9400.0,9550.0,10400800.0,9768.75,9489.0,-0.0026109660574412663,0.332597285189974
2025-12-02,BREN,9550.0,9650.0,9525.0,9650.0,18978500.0,9790.0,9501.5,0.010471204188481575,0.3328972787480382
2025-12-03,BREN,9675.0,9700.0,9525.0,9625.0,8797100.0,9783.75,9516.5,-0.002590673575129543,0.2636117957636088
2025-12-04,BREN,9600.0,9625.0,9450.0,9450.0,5266400.0,9760.0,9529.5,-0.018181818181818188,0.26123878557787916
2025-12-05,BREN,9450.0,9650.0,9450.0,9625.0,7697300.0,9742.5,9541.5,0.0185185185185186,0.27049282340269
2025-12-08,BREN,9625.0,9650.0,9500.0,9650.0,7491700.0,9713.75,9541.0,0.0025974025974024872,0.2522094667841104
2025-12-09,BREN,9525.0,9600.0,9425.0,9575.0,10046600.0,9691.25,9545.0,-0.007772020725388629,0.24517334489906703
2025-12-10,BREN,9550.0,9650.0,9450.0,9625.0,9881100.0,9676.25,9554.5,0.005221932114882533,0.24469826109093182
2025-12-11,BREN,9650.0,9650.0,9450.0,9450.0,7489400.0,9653.75,9560.0,-0.018181818181818188,0.25184362782616
2025-12-12,BREN,9550.0,9600.0,9450.0,9575.0,12996800.0,9645.0,9560.5,0.013227513227513255,0.25263597543068084
2025-12-15,BREN,9625.0,9650.0,9475.0,9500.0,8838100.0,9633.75,9551.0,-0.007832898172323799,0.25381799170255914
2025-12-16,BREN,9450.0,9800.0,9300.0,9800.0,22256800.0,9642.5,9547.5,0.03157894736842115,0.2761305121593054
2025-12-17,BREN,9825.0,9875.0,9600.0,9725.0,8889900.0,9645.0,9549.0,-0.007653061224489832,0.27733376583044883
2025-12-18,BREN,9675.0,9700.0,9450.0,9450.0,7204600.0,9627.5,9540.5,-0.028277634961439535,0.2908974184620501
2025-12-19,BREN,9475.0,9550.0,9325.0,9375.0,11809000.0,9603.75,9531.0,-0.007936507936507908,0.2905614229091634
2025-12-22,BREN,9400.0,9550.0,9350.0,9500.0,7242700.0,9572.5,9524.5,0.01333333333333342,0.27461189459591395
2025-12-23,BREN,9575.0,9575.0,9375.0,9425.0,5424200.0,9561.25,9519.5,-0.007894736842105288,0.22176960256136738
2025-12-24,BREN,9450.0,9450.0,9300.0,9325.0,4142600.0,9548.75,9515.0,-0.010610079575596787,0.22312902081373143
2025-12-29,BREN,9325.0,9625.0,9325.0,9525.0,7204500.0,9548.75,9509.5,0.02144772117962468,0.23648103461998546
2025-12-30,BREN,9600.0,9700.0,9475.0,9700.0,10900100.0,9555.0,9517.5,0.018372703412073532,0.2447121568772537
2026-01-02,BREN,9700.0,9800.0,9650.0,9675.0,5601000.0,9561.25,9525.5,-0.002577319587628857,0.24470603616598843
2026-01-05,BREN,9700.0,9700.0,9500.0,9650.0,6321800.0,9561.25,9533.5,-0.0025839793281653423,0.24221181696612168
2026-01-06,BREN,9600.0,9650.0,9525.0,9575.0,6441000.0,9558.75,9543.0,-0.007772020725388629,0.2436720182228158
2026-01-07,BREN,9575.0,9600.0,9425.0,9600.0,7914600.0,9566.25,9554.5,0.0026109660574411553,0.23425906892743292
2026-01-08,BREN,9550.0,9700.0,9500.0,9550.0,9401800.0,9562.5,9562.0,-0.00520833333333337,0.2255571835664455
2026-01-09,BREN,9550.0,9550.0,9450.0,9475.0,6306400.0,9553.75,9573.5,-0.007853403141361293,0.22682643987349294
2026-01-12,BREN,9475.0,9475.0,8550.0,9000.0,14459900.0,9525.0,9575.5,-0.05013192612137207,0.28613467373615664
2026-01-13,BREN,9000.0,9200.0,8650.0,9200.0,12282600.0,9503.75,9584.5,0.022222222222222143,0.2986527250485565
2026-01-14,BREN,9700.0,9800.0,9500.0,9650.0,30130800.0,9513.75,9605.0,0.048913043478260976,0.3424443732014388
2026-01-15,BREN,9650.0,9700.0,9450.0,9700.0,15750100.0,9520.0,9625.5,0.005181347150259086,0.33989918730823704
2026-01-19,BREN,9550.0,9650.0,9475.0,9575.0,14129000.0,9523.75,9631.5,-0.012886597938144284,0.3420810664657839
2026-01-20,BREN,9575.0,9600.0,9450.0,9500.0,9699100.0,9508.75,9637.0,-0.007832898172323799,0.3228286542819749
2026-01-21,BREN,9500.0,9500.0,9225.0,9300.0,10705000.0,9487.5,9628.0,-0.021052631578947323,0.3297250083879489
2026-01-22,BREN,9375.0,9500.0,9300.0,9500.0,13300300.0,9490.0,9619.5,0.021505376344086002,0.32446882374785324
2026-01-23,BREN,9500.0,9500.0,8875.0,9300.0,16082000.0,9486.25,9606.0,-0.021052631578947323,0.3322194578578101
2026-01-26,BREN,9300.0,9475.0,9225.0,9375.0,9753300.0,9480.0,9589.0,0.008064516129032251,0.3298924207704621
2026-01-27,BREN,9450.0,9600.0,9375.0,9500.0,27099500.0,9483.75,9578.5,0.01333333333333342,0.3321426103177977
2026-01-28,BREN,8100.0,8800.0,8075.0,8300.0,37142800.0,9432.5,9546.0,-0.12631578947368416,0.5598440416150984
2026-01-29,BREN,7450.0,9200.0,7075.0,8675.0,44811400.0,9390.0,9521.5,0.04518072289156616,0.5807635832108815
2026-01-30,BREN,8850.0,8875.0,8325.0,8525.0,36041400.0,9331.25,9497.0,-0.01729106628242072,0.5763268541134103
2026-02-02,BREN,8550.0,8550.0,7800.0,8325.0,23613300.0,9263.75,9469.0,-0.02346041055718473,0.5795471363574083
2026-02-03,BREN,8200.0,8350.0,7900.0,8225.0,21094900.0,9192.5,9441.0,-0.012012012012011963,0.5795990871890887
2026-02-04,BREN,8225.0,8600.0,8150.0,8200.0,15842900.0,9123.75,9411.5,-0.003039513677811523,0.579790611897898
2026-02-05,BREN,8250.0,8275.0,8125.0,8250.0,7653100.0,9056.25,9380.5,0.0060975609756097615,0.5806930461996651
2026-02-06,BREN,8175.0,8175.0,7900.0,8025.0,11159500.0,8980.0,9344.0,-0.027272727272727226,0.5851145334584789
2026-02-09,BREN,8025.0,8125.0,7900.0,8050.0,4484400.0,8908.75,9302.5,0.0031152647975076775,0.5864412027601575
2026-02-10,BREN,8050.0,8075.0,7925.0,8000.0,6433400.0,8858.75,9269.5,-0.006211180124223614,0.5643375079366082
2026-02-11,BREN,8000.0,8350.0,7975.0,8300.0,26345300.0,8813.75,9244.0,0.03750000000000009,0.5766693221568366
2026-02-12,BREN,8400.0,8425.0,8000.0,8200.0,18471300.0,8741.25,9217.5,-0.012048192771084376,0.5413289448738198
2026-02-13,BREN,8125.0,8125.0,7925.0,8000.0,7032600.0,8656.25,9186.0,-0.024390243902439046,0.5422991589865495
2026-02-18,BREN,8000.0,8350.0,8000.0,8225.0,12550100.0,8588.75,9159.5,0.028124999999999956,0.5577244341940125
2026-02-19,BREN,8300.0,8325.0,8100.0,8100.0,5262700.0,8518.75,9128.5,-0.015197568389057725,0.5584907043889668
2026-02-20,BREN,8150.0,8175.0,8025.0,8050.0,3038700.0,8456.25,9097.0,-0.006172839506172867,0.5561310056088727
2026-02-23,BREN,8100.0,8150.0,8075.0,8075.0,3662600.0,8385.0,9069.5,0.0031055900621117516,0.5475773812195751
2026-02-24,BREN,8100.0,8225.0,7950.0,7950.0,11859800.0,8317.5,9036.0,-0.015479876160990669,0.5461029650372283
2026-02-25,BREN,8050.0,8075.0,7775.0,7775.0,8223800.0,8237.5,8998.5,-0.022012578616352196,0.5453746527534542
2026-02-26,BREN,7850.0,8000.0,7675.0,7850.0,9281900.0,8155.0,8964.0,0.009646302250803762,0.5435509924038937
2026-02-27,BREN,7800.0,8225.0,7400.0,8225.0,35921400.0,8151.25,8936.0,0.047770700636942776,0.36759247309556986
2026-03-02,BREN,8050.0,8150.0,7675.0,7775.0,11101200.0,8106.25,8902.5,-0.054711246200607855,0.3749634738477116
2026-03-03,BREN,7775.0,7850.0,7575.0,7575.0,3985100.0,8058.75,8862.5,-0.025723472668810254,0.37973511216976863
2026-03-04,BREN,7500.0,7500.0,7000.0,7425.0,11161100.0,8013.75,8821.0,-0.01980198019801982,0.3776717354451694
2026-03-05,BREN,7525.0,7675.0,7225.0,7300.0,7303900.0,7967.5,8771.0,-0.01683501683501687,0.3791706608701923
2026-03-06,BREN,7300.0,7725.0,7025.0,7725.0,7039400.0,7943.75,8731.0,0.05821917808219168,0.44197171853269324
2026-03-09,BREN,7325.0,7575.0,6800.0,7350.0,7668700.0,7898.75,8689.0,-0.04854368932038833,0.4693951227560507
2026-03-10,BREN,7425.0,7550.0,7150.0,7150.0,6038800.0,7855.0,8644.5,-0.027210884353741527,0.46935685710920577
2026-03-11,BREN,7225.0,7225.0,6975.0,6975.0,3149400.0,7801.25,8594.0,-0.02447552447552448,0.4729664872058936
2026-03-12,BREN,6975.0,7000.0,6575.0,6575.0,5889900.0,7730.0,8537.0,-0.05734767025089604,0.5059171192633348
2026-03-13,BREN,6600.0,6675.0,6300.0,6300.0,10029100.0,7630.0,8476.5,-0.041825095057034245,0.4866254725505927
2026-03-16,BREN,6075.0,6175.0,5775.0,5975.0,10642100.0,7518.75,8405.5,-0.051587301587301626,0.5052194844858371
2026-03-17,BREN,6075.0,6100.0,5600.0,5800.0,22312300.0,7408.75,8327.5,-0.029288702928870314,0.5066954842903074
2026-03-25,BREN,5800.0,6050.0,5625.0,5800.0,16589500.0,7287.5,8250.0,0.0,0.48392658053165294
2026-03-26,BREN,5800.0,5800.0,5400.0,5550.0,7900900.0,7160.0,8168.0,-0.0431034482758621,0.4927031376763424
2026-03-27,BREN,5475.0,5550.0,5325.0,5525.0,9643000.0,7033.75,8087.0,-0.0045045045045044585,0.49328162291612493
2026-03-30,BREN,5400.0,5650.0,5225.0,5475.0,8403400.0,6903.75,8004.5,-0.009049773755656076,0.4881838000355405
2026-03-31,BREN,5500.0,5575.0,5175.0,5250.0,7254200.0,6768.75,7918.5,-0.04109589041095896,0.49430746968809475
2026-04-01,BREN,5350.0,5575.0,5350.0,5500.0,6543600.0,6655.0,7839.0,0.04761904761904767,0.5494098078511754
2026-04-02,BREN,5475.0,5475.0,4800.0,4800.0,14761900.0,6502.5,7755.0,-0.12727272727272732,0.6654044269090075
2026-04-06,BREN,4510.0,4600.0,4140.0,4360.0,35650500.0,6309.25,7658.2,-0.09166666666666667,0.6514266836579398
2026-04-07,BREN,4360.0,4680.0,4290.0,4650.0,38142600.0,6153.0,7558.2,0.0665137614678899,0.7289557925524662
2026-04-08,BREN,5650.0,5650.0,4830.0,5000.0,25956500.0,6024.25,7464.2,0.07526881720430101,0.8100663087949819
2026-04-09,BREN,5000.0,5700.0,4870.0,5700.0,40474400.0,5938.0,7386.7,0.1399999999999999,0.9878456872331093
2026-04-10,BREN,5725.0,6000.0,5525.0,5800.0,37599200.0,5863.0,7312.7,0.01754385964912286,0.9928202186412227
2026-04-13,BREN,5700.0,6100.0,5550.0,6075.0,20617100.0,5780.5,7248.2,0.047413793103448176,0.9837311970889318
2026-04-14,BREN,6125.0,6575.0,6125.0,6500.0,20517000.0,5738.0,7188.2,0.06995884773662553,1.011888339473444
2026-04-15,BREN,6600.0,6675.0,6200.0,6450.0,20185300.0,5703.0,7131.2,-0.007692307692307665,1.0083685447171857
2026-04-16,BREN,6400.0,6625.0,6050.0,6325.0,20777100.0,5670.5,7070.2,-0.019379844961240345,1.007105995549206
2026-04-17,BREN,6325.0,6625.0,6250.0,6625.0,25934000.0,5673.0,7012.7,0.04743083003952564,1.00073408491839
2026-04-20,BREN,6600.0,6700.0,6350.0,6600.0,64129100.0,5688.0,6978.7,-0.0037735849056603765,0.9875273577418152
2026-04-21,BREN,6450.0,6475.0,5950.0,5975.0,37541900.0,5688.0,6924.7,-0.09469696969696972,1.0307199669026907
2026-04-22,BREN,5325.0,5700.0,5325.0,5400.0,22019100.0,5668.0,6862.2,-0.09623430962343094,1.0837141230483776
2026-04-23,BREN,5325.0,5550.0,4930.0,4930.0,25968800.0,5624.5,6794.3,-0.08703703703703702,1.1255231116470747
2026-04-24,BREN,5000.0,5125.0,4620.0,4620.0,20415900.0,5578.0,6722.2,-0.06288032454361059,1.1363797465471672
2026-04-27,BREN,4630.0,4850.0,4630.0,4660.0,10239200.0,5534.75,6651.4,0.008658008658008587,1.137673215893732
2026-04-28,BREN,4740.0,4790.0,4510.0,4650.0,9734000.0,5493.5,6579.4,-0.0021459227467811592,1.137693190677341
2026-04-29,BREN,4680.0,4730.0,4610.0,4730.0,5482300.0,5467.5,6513.5,0.017204301075268713,1.1324273209973987
2026-04-30,BREN,4730.0,4880.0,4360.0,4460.0,15291500.0,5415.5,6441.7,-0.05708245243128962,1.131637006583257
2026-05-04,BREN,4470.0,4750.0,4430.0,4600.0,8043000.0,5405.5,6373.7,0.03139013452914807,1.0467941971435861
2026-05-05,BREN,4600.0,4840.0,4470.0,4730.0,17771000.0,5424.0,6302.3,0.02826086956521734,0.9927626870488155
2026-05-06,BREN,4770.0,4830.0,4620.0,4820.0,18716700.0,5432.5,6234.7,0.019027484143763207,0.968340942165383
2026-05-07,BREN,4840.0,5125.0,4520.0,4650.0,29886300.0,5415.0,6167.7,-0.03526970954356845,0.9388197341874592
2026-05-08,BREN,4560.0,4600.0,4100.0,4100.0,27905000.0,5335.0,6085.2,-0.11827956989247312,0.8656065304418149
2026-05-11,BREN,4110.0,4160.0,3780.0,3790.0,23224000.0,5234.5,5999.0,-0.07560975609756093,0.8823232329648326
2026-05-12,BREN,3790.0,3910.0,3560.0,3610.0,22944400.0,5111.25,5910.2,-0.0474934036939314,0.8505506176423466
2026-05-13,BREN,3430.0,3490.0,3200.0,3200.0,80031300.0,4946.25,5812.7,-0.11357340720221609,0.830089948127967
2026-05-14,BREN,3200.0,3200.0,3200.0,3200.0,0.0,4783.75,5717.7,0.0,0.8336980930017612
2026-05-15,BREN,3200.0,3200.0,3200.0,3200.0,0.0,4627.5,5626.2,0.0,0.8407287034432617
2026-05-18,BREN,2970.0,3410.0,2880.0,3190.0,139364900.0,4455.75,5533.0,-0.0031250000000000444,0.795214659659139
2026-05-19,BREN,3190.0,3250.0,2900.0,3020.0,103461200.0,4276.75,5428.9,-0.053291536050156685,0.7891306151942366
2026-05-20,BREN,2930.0,3000.0,2630.0,2790.0,62100900.0,4117.5,5329.2,-0.07615894039735094,0.7737819842095318
2026-05-21,BREN,2600.0,2740.0,2410.0,2570.0,50892700.0,3976.0,5229.1,-0.07885304659498205,0.7581934889314695
2026-05-22,BREN,2600.0,2660.0,2400.0,2450.0,110164800.0,3852.0,5129.6,-0.046692607003890996,0.734854754138625
2026-05-25,BREN,2450.0,2530.0,2300.0,2380.0,98632800.0,3740.0,5031.2,-0.02857142857142858,0.7265799227654838
2026-05-26,BREN,2340.0,2810.0,2300.0,2640.0,211822800.0,3639.0,4929.5,0.10924369747899165,0.8733620080587368
2026-05-27,BREN,2640.0,2640.0,2640.0,2640.0,0.0,3538.5,4835.3,0.0,0.8741901631398238
2026-05-28,BREN,2640.0,2640.0,2640.0,2640.0,0.0,3434.0,4745.1,0.0,0.8648805617746185
2026-05-29,BREN,3300.0,3300.0,3300.0,3300.0,682231400.0,3376.0,4671.6,0.25,1.3013934483034808
2026-06-02,BREN,4120.0,4120.0,3630.0,4120.0,298798900.0,3352.0,4622.5,0.24848484848484853,1.5928110661337171
2026-06-03,BREN,4120.0,4220.0,3770.0,4160.0,119643500.0,3323.5,4579.7,0.009708737864077666,1.5896342791836904
2026-06-04,BREN,4150.0,4180.0,3670.0,4000.0,97352700.0,3282.5,4540.2,-0.038461538461538436,1.5926327491798178
2026-06-05,BREN,4010.0,4100.0,3430.0,3590.0,67120200.0,3229.5,4496.0,-0.10250000000000004,1.627143375496372
2026-06-08,BREN,3480.0,3590.0,3250.0,3590.0,40689100.0,3204.0,4451.8,0.0,1.5743815609208152
2026-06-09,BREN,3600.0,4150.0,3400.0,4090.0,109096100.0,3219.0,4422.6,0.139275766016713,1.6256913439704745
2026-06-10,BREN,4090.0,4330.0,3930.0,4220.0,75350800.0,3249.5,4396.5,0.0317848410757946,1.6138534935720255
2026-06-11,BREN,4220.0,4230.0,3870.0,4040.0,39206100.0,3291.5,4367.8,-0.042654028436018954,1.5591597831384385
2026-06-12,BREN,4070.0,4270.0,4060.0,4080.0,51411300.0,3335.5,4344.4,0.00990099009900991,1.5582156415107624
2026-06-15,BREN,4130.0,4460.0,4130.0,4250.0,55137300.0,3388.0,4319.4,0.04166666666666674,1.559416446695228
2026-06-17,BREN,4250.0,4280.0,3700.0,3740.0,89958300.0,3415.5,4298.2,-0.12,1.6342883127320882
2026-06-18,BREN,3780.0,3970.0,3730.0,3820.0,36116600.0,3455.5,4287.4,0.021390374331550888,1.6157204176997166
2026-06-19,BREN,3750.0,3850.0,3730.0,3730.0,14252500.0,3502.5,4269.0,-0.023560209424083767,1.5862847925355157
2026-06-22,BREN,3770.0,3800.0,3590.0,3670.0,18146600.0,3557.5,4242.4,-0.01608579088471851,1.550162147768359
2026-06-23,BREN,3670.0,3810.0,3610.0,3690.0,46826000.0,3619.5,4202.2,0.005449591280654031,1.5303743014350029
2026-06-24,BREN,3730.0,3840.0,3530.0,3650.0,100396500.0,3683.0,4159.2,-0.010840108401083959,1.5234584605243164
2026-06-25,BREN,3610.0,3810.0,3600.0,3650.0,24681500.0,3733.5,4110.7,0.0,1.4929927780525187
2026-06-26,BREN,3680.0,3680.0,3330.0,3350.0,20337100.0,3769.0,4047.7,-0.0821917808219178,1.5356235203395738
2026-06-29,BREN,3350.0,3380.0,3180.0,3200.0,16437800.0,3797.0,3982.7,-0.04477611940298509,1.54999565742323
2026-06-30,BREN,3210.0,3280.0,3040.0,3090.0,17906100.0,3786.5,3918.0,-0.034375000000000044,1.2805877685865925
2026-07-01,BREN,3100.0,3490.0,3090.0,3360.0,35589100.0,3748.5,3852.7,0.08737864077669899,0.9504547466799251
2026-07-02,BREN,3320.0,3550.0,3220.0,3250.0,29088700.0,3703.0,3785.7,-0.03273809523809523,0.9516440207725295
2026-07-03,BREN,3300.0,3540.0,3290.0,3400.0,51464400.0,3673.0,3734.2,0.04615384615384621,0.9660375961904012
2026-07-06,BREN,3420.0,3530.0,3340.0,3440.0,75256400.0,3665.5,3695.0,0.0117647058823529,0.8979223029925013
2026-07-07,BREN,3460.0,3480.0,3380.0,3420.0,109235000.0,3657.0,3664.8,-0.005813953488372103,0.8981059627913371
2026-07-08,BREN,3420.0,3550.0,3240.0,3250.0,83169300.0,3615.0,3637.4,-0.049707602339181256,0.7441951673774061
2026-07-09,BREN,3250.0,3330.0,3230.0,3280.0,44516600.0,3568.0,3609.8,0.009230769230769154,0.7314506416555702
2026-07-10,BREN,3290.0,3320.0,3130.0,3170.0,34684900.0,3524.5,3580.2,-0.03353658536585369,0.7270009965143568
2026-07-13,BREN,3200.0,3230.0,3150.0,3230.0,11345000.0,3482.0,3550.2,0.018927444794952786,0.7311428162811283
2026-07-14,BREN,3280.0,3590.0,3270.0,3380.0,45213900.0,3438.5,3528.6,0.04643962848297223,0.7358479215460078
2026-07-15,BREN,3450.0,3520.0,3360.0,3430.0,21965900.0,3423.0,3505.2,0.014792899408283988,0.6150800597367865
2026-07-16,BREN,3450.0,3500.0,3350.0,3490.0,18527800.0,3406.5,3480.4,0.017492711370262315,0.6131318147694321
2026-07-17,BREN,3490.0,3500.0,3400.0,3420.0,26807700.0,3391.0,3452.4,-0.02005730659025784,0.6117590246306306
2026-07-20,BREN,3420.0,3460.0,3330.0,3360.0,27429200.0,3375.5,3426.6,-0.01754385964912286,0.6121746932413293
2026-07-21,BREN,3370.0,3580.0,3340.0,3500.0,90930700.0,3366.0,3414.6,0.04166666666666674,0.6325129639343117
2026-07-22,BREN,3580.0,3880.0,3550.0,3710.0,95863400.0,3369.0,3413.0,0.06000000000000005,0.6681907038277829
2026-07-23,BREN,3730.0,3920.0,3590.0,3640.0,71203500.0,3368.5,3413.6,-0.018867924528301883,0.6721554105324967
2026-07-24,BREN,3580.0,3580.0,3400.0,3550.0,32915500.0,3378.5,3420.6,-0.02472527472527475,0.605827345094168
2026-07-27,BREN,3530.0,3540.0,3390.0,3460.0,12717100.0,3391.5,3425.8,-0.025352112676056304,0.5889503966641684
2026-07-28,BREN,3460.0,3470.0,3300.0,3430.0,25878700.0,3408.5,3430.4,-0.00867052023121384,0.5732734117319037
2026-07-29,BREN,3420.0,3430.0,3210.0,3300.0,25792900.0,3405.5,3432.6,-0.03790087463556846,0.5054057664693258
2026-07-30,BREN,3260.0,3310.0,3230.0,3250.0,15290700.0,3405.5,3437.2,-0.015151515151515138,0.4942230786987486
2026-07-31,BREN,3300.0,3350.0,3260.0,3350.0,24908000.0,3403.0,3448.4,0.03076923076923066,0.47811083437191565
2026-08-03,BREN,3330.0,3350.0,3210.0,3210.0,25719200.0,3391.5,3461.2,-0.04179104477611939,0.49756674247684435
2026-08-04,BREN,3230.0,3340.0,3220.0,3260.0,36515000.0,3383.5,3477.4,0.015576323987538832,0.5017323680671608
2026-08-05,BREN,3300.0,3360.0,3270.0,3330.0,72678600.0,3387.5,3496.4,0.021472392638036908,0.4747056360917057
2026-08-06,BREN,3330.0,3440.0,3330.0,3440.0,80056200.0,3395.5,3512.4,0.033033033033033066,0.4871114501869827
2026-08-07,BREN,3450.0,3500.0,3410.0,3480.0,7367300.0,3411.0,3529.2,0.011627906976744207,0.4684144948133732
2025-08-07,GOTO,65.0,66.0,63.0,63.0,2490347000.0,63.0,63.0,,
2025-08-08,GOTO,63.0,64.0,61.0,62.0,1944611300.0,62.5,62.5,-0.015873015873015928,
2025-08-11,GOTO,62.0,63.0,61.0,62.0,1588434100.0,62.333333333333336,62.333333333333336,0.0,0.17817416127495023
2025-08-12,GOTO,62.0,65.0,62.0,65.0,1752940900.0,63.0,63.0,0.048387096774193505,0.5313664323910888
2025-08-13,GOTO,67.0,67.0,63.0,64.0,3230631400.0,63.2,63.2,-0.01538461538461533,0.48120060565003864
2025-08-14,GOTO,65.0,66.0,62.0,62.0,3815954900.0,63.0,63.0,-0.03125,0.48713241506570626
2025-08-15,GOTO,63.0,63.0,61.0,62.0,2688001200.0,62.857142857142854,62.857142857142854,0.0,0.43608871367679597
2025-08-19,GOTO,63.0,63.0,59.0,61.0,4700675900.0,62.625,62.625,-0.016129032258064502,0.40658262692888597
2025-08-20,GOTO,61.0,61.0,60.0,61.0,1633624900.0,62.44444444444444,62.44444444444444,0.0,0.3772029121268023
2025-08-21,GOTO,61.0,62.0,59.0,61.0,2876999000.0,62.3,62.3,0.0,0.35340785316450435
2025-08-22,GOTO,60.0,62.0,60.0,61.0,2296673100.0,62.18181818181818,62.18181818181818,0.0,0.3336230386118253
2025-08-25,GOTO,61.0,62.0,60.0,60.0,1569532300.0,62.0,62.0,-0.016393442622950838,0.322905759219813
2025-08-26,GOTO,60.0,61.0,59.0,61.0,7395943700.0,61.92307692307692,61.92307692307692,0.016666666666666607,0.3224411754836324
2025-08-27,GOTO,61.0,61.0,60.0,60.0,1096892600.0,61.785714285714285,61.785714285714285,-0.016393442622950838,0.3147175182566023
2025-08-28,GOTO,60.0,60.0,59.0,59.0,911818300.0,61.6,61.6,-0.01666666666666672,0.30743613030593536
2025-08-29,GOTO,60.0,60.0,58.0,58.0,3597693700.0,61.375,61.375,-0.016949152542372836,0.3006133068904657
2025-09-01,GOTO,57.0,58.0,56.0,58.0,2405006300.0,61.1764705882353,61.1764705882353,0.0,0.29119004397967685
2025-09-02,GOTO,58.0,59.0,57.0,58.0,1376538200.0,61.0,61.0,0.0,0.28259975050117564
2025-09-03,GOTO,58.0,59.0,57.0,58.0,1273540500.0,60.8421052631579,60.8421052631579,0.0,0.27472666579971505
2025-09-04,GOTO,58.0,59.0,57.0,59.0,1621019900.0,60.75,60.75,0.01724137931034475,0.27842156999554
2025-09-08,GOTO,59.0,60.0,58.0,58.0,1947303100.0,60.5,60.61904761904762,-0.016949152542372836,0.2752911501014615
2025-09-09,GOTO,58.0,58.0,56.0,56.0,3224398200.0,60.2,60.40909090909091,-0.03448275862068961,0.29328746788373067
2025-09-10,GOTO,57.0,57.0,56.0,56.0,1414873900.0,59.9,60.21739130434783,0.0,0.29328746788373067
2025-09-11,GOTO,57.0,58.0,56.0,57.0,2362188800.0,59.5,60.083333333333336,0.017857142857142794,0.23365582079712388
2025-09-12,GOTO,57.0,58.0,56.0,57.0,1246327000.0,59.15,59.96,0.0,0.2322233704921305
2025-09-15,GOTO,57.0,58.0,56.0,57.0,1680677100.0,58.9,59.84615384615385,0.0,0.21220253560756128
2025-09-16,GOTO,57.0,57.0,55.0,57.0,5081307500.0,58.65,59.74074074074074,0.0,0.21220253560756128
2025-09-17,GOTO,56.0,57.0,56.0,57.0,1490814900.0,58.45,59.642857142857146,0.0,0.2077629665541859
2025-09-18,GOTO,57.0,58.0,55.0,56.0,3626324000.0,58.2,59.51724137931034,-0.01754385964912286,0.21332186262076655
2025-09-19,GOTO,56.0,56.0,55.0,55.0,8566178900.0,57.9,59.36666666666667,-0.017857142857142905,0.21804531532728397
2025-09-22,GOTO,55.0,55.0,54.0,54.0,2383689900.0,57.55,59.193548387096776,-0.018181818181818188,0.2219506845736177
2025-09-23,GOTO,54.0,55.0,53.0,54.0,4157100100.0,57.25,59.03125,0.0,0.21936513820975037
2025-09-24,GOTO,54.0,54.0,53.0,53.0,1352485600.0,56.85,58.84848484848485,-0.01851851851851849,0.2081958921593802
2025-09-25,GOTO,53.0,57.0,53.0,55.0,6438375700.0,56.6,58.73529411764706,0.037735849056603765,0.2581937050670366
2025-09-26,GOTO,55.0,57.0,55.0,57.0,3564352500.0,56.5,58.68571428571428,0.036363636363636376,0.29083185144458834
2025-09-29,GOTO,57.0,58.0,56.0,56.0,1739822200.0,56.4,58.611111111111114,-0.01754385964912286,0.29125645989567583
2025-09-30,GOTO,56.0,57.0,54.0,54.0,3758567500.0,56.2,58.486486486486484,-0.0357142857142857,0.3152644782649253
2025-10-01,GOTO,55.0,55.0,53.0,55.0,3502080800.0,56.05,58.39473684210526,0.0185185185185186,0.3246118719189726
2025-10-02,GOTO,55.0,55.0,54.0,54.0,1790087100.0,55.85,58.282051282051285,-0.018181818181818188,0.3291727880371743
2025-10-03,GOTO,55.0,58.0,54.0,57.0,8175859900.0,55.75,58.25,0.05555555555555558,0.3844372314398373
2025-10-06,GOTO,58.0,60.0,57.0,57.0,4529777600.0,55.7,58.21951219512195,0.0,0.38005518710579117
2025-10-07,GOTO,57.0,58.0,56.0,56.0,2119953500.0,55.7,58.166666666666664,-0.01754385964912286,0.3644621286842739
2025-10-08,GOTO,57.0,57.0,55.0,56.0,985459900.0,55.7,58.116279069767444,0.0,0.3644621286842739
2025-10-09,GOTO,56.0,56.0,55.0,55.0,1552248700.0,55.6,58.04545454545455,-0.017857142857142905,0.36362211291686636
2025-10-10,GOTO,56.0,56.0,54.0,54.0,1869557400.0,55.45,57.955555555555556,-0.018181818181818188,0.36829926297359306
2025-10-13,GOTO,54.0,56.0,54.0,55.0,2250752100.0,55.35,57.891304347826086,0.0185185185185186,0.3757228091482638
2025-10-14,GOTO,55.0,56.0,54.0,55.0,3714251200.0,55.25,57.829787234042556,0.0,0.3757228091482638
2025-10-15,GOTO,55.0,56.0,54.0,54.0,2080781400.0,55.1,57.75,-0.018181818181818188,0.3802618241307725
2025-10-16,GOTO,55.0,56.0,54.0,55.0,1139962100.0,55.05,57.69387755102041,0.0185185185185186,0.3827897695174999
2025-10-17,GOTO,55.0,56.0,54.0,55.0,2350367900.0,55.05,57.64,0.0,0.3773386942750308
2025-10-20,GOTO,55.0,56.0,54.0,55.0,3051389000.0,55.1,57.48,0.0,0.37101590855414474
2025-10-21,GOTO,55.0,56.0,54.0,56.0,1916916800.0,55.2,57.36,0.018181818181818077,0.3758346672617182
2025-10-22,GOTO,56.0,56.0,54.0,54.0,1072230600.0,55.25,57.2,-0.0357142857142857,0.3929056407381319
2025-10-23,GOTO,55.0,56.0,54.0,56.0,1122900600.0,55.3,57.02,0.03703703703703698,0.3920512374520159
2025-10-24,GOTO,56.0,56.0,55.0,55.0,865633200.0,55.2,56.84,-0.017857142857142905,0.37437354974613407
2025-10-27,GOTO,56.0,57.0,54.0,55.0,5325151600.0,55.15,56.7,0.0,0.3695641431722915
2025-10-28,GOTO,54.0,56.0,54.0,55.0,1717311400.0,55.2,56.56,0.0,0.3455801717448996
2025-10-29,GOTO,55.0,56.0,55.0,56.0,924175800.0,55.25,56.46,0.018181818181818077,0.34535760319610037
2025-10-30,GOTO,58.0,60.0,57.0,60.0,10550240400.0,55.55,56.44,0.0714285714285714,0.4178039288718523
2025-10-31,GOTO,60.0,61.0,58.0,60.0,4058420600.0,55.7,56.42,0.0,0.37394734697902693
2025-11-03,GOTO,60.0,60.0,58.0,59.0,1787709700.0,55.8,56.38,-0.01666666666666672,0.3802449652249041
2025-11-04,GOTO,59.0,60.0,57.0,57.0,2872514200.0,55.85,56.32,-0.03389830508474578,0.39551478929777273
2025-11-05,GOTO,57.0,63.0,56.0,62.0,11797419300.0,56.15,56.34,0.08771929824561409,0.5006493045260029
2025-11-06,GOTO,62.0,63.0,60.0,61.0,2792568800.0,56.45,56.36,-0.016129032258064502,0.49961368863551486
2025-11-07,GOTO,61.0,63.0,60.0,61.0,3833751700.0,56.8,56.4,0.0,0.49222573049820934
2025-11-10,GOTO,64.0,69.0,64.0,67.0,14345482000.0,57.4,56.58,0.09836065573770503,0.5898660200786394
2025-11-11,GOTO,68.0,70.0,65.0,67.0,10123937400.0,58.0,56.76,0.0,0.5898660200786394
2025-11-12,GOTO,69.0,70.0,65.0,65.0,6511203800.0,58.55,56.9,-0.02985074626865669,0.5987910732627831
2025-11-13,GOTO,65.0,66.0,63.0,64.0,5228092900.0,59.0,57.02,-0.01538461538461533,0.6044349398854821
2025-11-14,GOTO,65.0,66.0,63.0,65.0,2688127300.0,59.5,57.14,0.015625,0.6041439372261522
2025-11-17,GOTO,64.0,65.0,61.0,62.0,4772617200.0,59.85,57.22,-0.0461538461538461,0.6347535084402867
2025-11-18,GOTO,62.0,62.0,60.0,61.0,3441374500.0,60.1,57.32,-0.016129032258064502,0.638228117150857
2025-11-19,GOTO,61.0,61.0,59.0,60.0,3613895900.0,60.4,57.4,-0.016393442622950838,0.6254259046875777
2025-11-20,GOTO,61.0,62.0,60.0,60.0,2875493100.0,60.6,57.46,0.0,0.6147711441626429
2025-11-21,GOTO,60.0,64.0,60.0,64.0,5357554500.0,61.05,57.6,0.06666666666666665,0.6470205715147777
2025-11-24,GOTO,65.0,68.0,64.0,65.0,12188506300.0,61.55,57.76,0.015625,0.6467172007643496
2025-11-25,GOTO,66.0,66.0,64.0,65.0,2198091500.0,62.05,57.92,0.0,0.6467172007643496
2025-11-26,GOTO,65.0,66.0,64.0,65.0,1781677400.0,62.5,58.08,0.0,0.6465697512868868
2025-11-27,GOTO,64.0,66.0,63.0,65.0,2847805200.0,62.75,58.26,0.0,0.6021746350996374
2025-11-28,GOTO,65.0,66.0,64.0,64.0,2270637900.0,62.95,58.44,-0.01538461538461533,0.6062195711554161
2025-12-01,GOTO,64.0,67.0,64.0,67.0,4333478300.0,63.35,58.7,0.046875,0.6194425113975534
2025-12-02,GOTO,67.0,67.0,64.0,65.0,4418422800.0,63.75,58.92,-0.02985074626865669,0.6160487124772626
2025-12-03,GOTO,65.0,66.0,64.0,64.0,1956436600.0,63.85,59.14,-0.01538461538461533,0.5417193342641392
2025-12-04,GOTO,64.0,65.0,64.0,64.0,1341546300.0,64.0,59.32,0.0,0.5375202109360675
2025-12-05,GOTO,64.0,65.0,63.0,64.0,1794410100.0,64.15,59.46,0.0,0.5375202109360675
2025-12-08,GOTO,65.0,71.0,65.0,70.0,13380124800.0,64.3,59.74,0.09375,0.5268058778251554
2025-12-09,GOTO,72.0,73.0,69.0,71.0,6529828600.0,64.5,60.08,0.014285714285714235,0.5282731433478641
2025-12-10,GOTO,72.0,72.0,69.0,70.0,3321535800.0,64.75,60.38,-0.014084507042253502,0.5179693342485672
2025-12-11,GOTO,70.0,70.0,68.0,68.0,3956062600.0,64.95,60.66,-0.02857142857142858,0.5266260585270848
2025-12-12,GOTO,69.0,69.0,65.0,66.0,6017508700.0,65.0,60.84,-0.02941176470588236,0.5370835532123196
2025-12-15,GOTO,66.0,66.0,64.0,65.0,4882787900.0,65.15,61.0,-0.015151515151515138,0.5114204029311701
2025-12-16,GOTO,65.0,69.0,64.0,68.0,7444003400.0,65.5,61.24,0.04615384615384621,0.5282853726764322
2025-12-17,GOTO,68.0,68.0,65.0,66.0,2632440600.0,65.8,61.44,-0.02941176470588236,0.5375302732043507
2025-12-18,GOTO,65.0,67.0,65.0,65.0,2169076500.0,66.05,61.64,-0.015151515151515138,0.542184115966879
2025-12-19,GOTO,65.0,66.0,64.0,65.0,4051737900.0,66.1,61.86,0.0,0.4900113320113873
2025-12-22,GOTO,65.0,66.0,64.0,64.0,2113323700.0,66.05,62.04,-0.01538461538461533,0.49027894223883295
2025-12-23,GOTO,65.0,65.0,63.0,64.0,2589105200.0,66.0,62.22,0.0,0.49027894223883295
2025-12-24,GOTO,64.0,65.0,63.0,65.0,1422798300.0,66.0,62.44,0.015625,0.49354729115954776
2025-12-29,GOTO,65.0,65.0,64.0,64.0,3075824400.0,65.95,62.62,-0.01538461538461533,0.49674221767971766
2025-12-30,GOTO,64.0,65.0,64.0,64.0,2456893000.0,65.95,62.8,0.0,0.49354729115954776
2026-01-02,GOTO,64.0,69.0,63.0,69.0,7020202800.0,66.05,63.08,0.078125,0.5425693872126239
2026-01-05,GOTO,69.0,71.0,67.0,68.0,8987343900.0,66.2,63.32,-0.01449275362318836,0.533267910127798
2026-01-06,GOTO,68.0,70.0,67.0,68.0,3387609800.0,66.4,63.6,0.0,0.5290990562977375
2026-01-07,GOTO,68.0,69.0,66.0,67.0,4281637900.0,66.55,63.82,-0.014705882352941124,0.5329667045680255
2026-01-08,GOTO,67.0,67.0,65.0,66.0,2604022900.0,66.65,64.04,-0.014925373134328401,0.5366308574526651
2026-01-09,GOTO,66.0,67.0,65.0,66.0,3299187600.0,66.45,64.26,0.0,0.41316370629865845
2026-01-12,GOTO,67.0,67.0,65.0,66.0,3384389300.0,66.2,64.48,0.0,0.40849439169826274
2026-01-13,GOTO,66.0,68.0,65.0,67.0,3132891700.0,66.05,64.7,0.015151515151515138,0.41146535979984816
2026-01-14,GOTO,68.0,73.0,68.0,69.0,18437372600.0,66.1,64.88,0.029850746268656803,0.413449021800171
2026-01-15,GOTO,69.0,70.0,67.0,68.0,5561512700.0,66.2,65.04,-0.01449275362318836,0.40210903798112324
2026-01-19,GOTO,67.0,68.0,65.0,66.0,7028239800.0,66.25,65.18,-0.02941176470588236,0.41311323786964904
2026-01-20,GOTO,66.0,68.0,65.0,66.0,5220116600.0,66.15,65.36,0.0,0.37724778967621736
2026-01-21,GOTO,65.0,66.0,64.0,64.0,7269276700.0,66.05,65.4,-0.030303030303030276,0.37814305015518307
2026-01-22,GOTO,64.0,65.0,61.0,62.0,8304665000.0,65.9,65.42,-0.03125,0.3901068232083603
2026-01-23,GOTO,62.0,62.0,58.0,60.0,8845549400.0,65.65,65.4,-0.032258064516129004,0.40436976724551893
2026-01-26,GOTO,60.0,62.0,59.0,60.0,4896210800.0,65.45,65.26,0.0,0.4021514298505171
2026-01-27,GOTO,60.0,65.0,58.0,65.0,12307760600.0,65.5,65.22,0.08333333333333326,0.5056564689981605
2026-01-28,GOTO,62.0,64.0,58.0,60.0,10963550000.0,65.25,65.12,-0.07692307692307687,0.5729766573959512
2026-01-29,GOTO,60.0,63.0,55.0,63.0,15220468500.0,65.2,65.1,0.050000000000000044,0.6011286665730153
2026-01-30,GOTO,63.0,64.0,62.0,64.0,4190742000.0,65.2,65.08,0.015873015873015817,0.6038035626814727
2026-02-02,GOTO,64.0,64.0,60.0,61.0,4681091200.0,64.8,65.06,-0.046875,0.5519579729844486
2026-02-03,GOTO,61.0,63.0,61.0,62.0,2063709800.0,64.5,65.08,0.016393442622950838,0.556208836689199
2026-02-04,GOTO,62.0,63.0,61.0,62.0,2039789700.0,64.2,65.12,0.0,0.556208836689199
2026-02-05,GOTO,62.0,62.0,60.0,60.0,2841007700.0,63.85,65.12,-0.032258064516129004,0.5641117182213861
2026-02-06,GOTO,60.0,60.0,58.0,60.0,2643183600.0,63.55,65.04,0.0,0.5630822113184792
2026-02-09,GOTO,60.0,61.0,59.0,60.0,1596488300.0,63.25,64.94,0.0,0.5630822113184792
2026-02-10,GOTO,60.0,60.0,58.0,59.0,4569551300.0,62.9,64.82,-0.01666666666666672,0.564555655864388
2026-02-11,GOTO,60.0,61.0,59.0,60.0,3907787700.0,62.55,64.72,0.016949152542372836,0.56544171603265
2026-02-12,GOTO,60.0,60.0,59.0,60.0,1419829400.0,62.1,64.62,0.0,0.5508480290254639
2026-02-13,GOTO,60.0,61.0,59.0,59.0,4200024900.0,61.65,64.52,-0.01666666666666672,0.5513257585297946
2026-02-18,GOTO,59.0,61.0,58.0,60.0,4716637100.0,61.35,64.38,0.016949152542372836,0.550335422397621
2026-02-19,GOTO,60.0,61.0,59.0,61.0,2247439900.0,61.1,64.3,0.016666666666666607,0.5551750555735315
2026-02-20,GOTO,61.0,63.0,61.0,61.0,5194005200.0,60.95,64.24,0.0,0.5460086406109482
2026-02-23,GOTO,62.0,64.0,61.0,62.0,5794546700.0,60.95,64.2,0.016393442622950838,0.538101656380726
2026-02-24,GOTO,63.0,63.0,60.0,61.0,3555906000.0,61.0,64.14,-0.016129032258064502,0.5280117537749168
2026-02-25,GOTO,61.0,62.0,60.0,60.0,1364624900.0,61.0,63.94,-0.016393442622950838,0.5317617131914905
2026-02-26,GOTO,60.0,61.0,60.0,60.0,2397940400.0,60.75,63.72,0.0,0.4327085448821098
2026-02-27,GOTO,60.0,61.0,59.0,61.0,5304076700.0,60.8,63.54,0.016666666666666607,0.3400803713614759
2026-03-02,GOTO,59.0,60.0,58.0,59.0,3939486600.0,60.6,63.36,-0.032786885245901676,0.30741579765317156
2026-03-03,GOTO,59.0,60.0,58.0,58.0,2822721700.0,60.3,63.2,-0.016949152542372836,0.3025963441837077
2026-03-04,GOTO,58.0,58.0,56.0,57.0,5917788000.0,60.1,63.04,-0.017241379310344862,0.26363703161840246
2026-03-05,GOTO,57.0,58.0,56.0,57.0,1945848400.0,59.85,62.82,0.0,0.2536670806068898
2026-03-06,GOTO,58.0,58.0,55.0,56.0,4466807200.0,59.55,62.62,-0.01754385964912286,0.2575451251968351
2026-03-09,GOTO,55.0,56.0,53.0,55.0,6992951900.0,59.3,62.42,-0.017857142857142905,0.24189043162513388
2026-03-10,GOTO,55.0,57.0,55.0,55.0,3339213800.0,59.05,62.22,0.0,0.24189043162513388
2026-03-11,GOTO,56.0,58.0,55.0,57.0,2671797300.0,58.9,62.08,0.036363636363636376,0.2815187538117275
2026-03-12,GOTO,57.0,58.0,55.0,56.0,3371578900.0,58.75,61.92,-0.01754385964912286,0.28212441433201796
2026-03-13,GOTO,55.0,56.0,53.0,55.0,3802932400.0,58.5,61.72,-0.017857142857142905,0.2773846470639653
2026-03-16,GOTO,54.0,54.0,51.0,52.0,6367062200.0,58.1,61.48,-0.054545454545454564,0.3291778310882076
2026-03-17,GOTO,52.0,53.0,51.0,51.0,4306491000.0,57.7,61.22,-0.019230769230769273,0.33030828431794307
2026-03-25,GOTO,50.0,53.0,50.0,53.0,9934206000.0,57.35,60.9,0.03921568627450989,0.3598983755522113
2026-03-26,GOTO,53.0,53.0,51.0,52.0,4495899400.0,56.9,60.58,-0.018867924528301883,0.3523197202442475
2026-03-27,GOTO,51.0,52.0,51.0,51.0,2800261100.0,56.4,60.24,-0.019230769230769273,0.35334571295119754
2026-03-30,GOTO,51.0,52.0,50.0,52.0,3209633400.0,55.9,59.94,0.019607843137254832,0.3565403638096258
2026-03-31,GOTO,51.0,52.0,51.0,51.0,1837937600.0,55.4,59.64,-0.019230769230769273,0.35758722421976485
2026-04-01,GOTO,52.0,53.0,51.0,53.0,3587278100.0,55.05,59.38,0.03921568627450989,0.39426067843742874
2026-04-02,GOTO,52.0,53.0,52.0,53.0,1867843400.0,54.7,59.12,0.0,0.39426067843742874
2026-04-06,GOTO,53.0,53.0,51.0,52.0,3043071700.0,54.25,58.82,-0.018867924528301883,0.3874130919781549
2026-04-07,GOTO,52.0,52.0,51.0,51.0,2472398300.0,53.85,58.46,-0.019230769230769273,0.37864443992917957
2026-04-08,GOTO,52.0,53.0,51.0,52.0,5218807000.0,53.55,58.14,0.019607843137254832,0.38801098731347916
2026-04-09,GOTO,52.0,52.0,51.0,52.0,1148415900.0,53.3,57.86,0.0,0.3857116706466361
2026-04-10,GOTO,52.0,52.0,51.0,52.0,3341817300.0,53.05,57.58,0.0,0.3857116706466361
2026-04-13,GOTO,52.0,53.0,51.0,52.0,4235010800.0,52.85,57.34,0.0,0.38273771895364306
2026-04-14,GOTO,52.0,53.0,52.0,52.0,1611484100.0,52.7,57.14,0.0,0.37903640934004845
2026-04-15,GOTO,53.0,53.0,52.0,52.0,2258999200.0,52.55,56.98,0.0,0.37903640934004845
2026-04-16,GOTO,52.0,53.0,51.0,52.0,1887231700.0,52.3,56.82,0.0,0.3504475306359788
2026-04-17,GOTO,52.0,53.0,52.0,52.0,1112749400.0,52.1,56.56,0.0,0.34720388765427784
2026-04-20,GOTO,52.0,54.0,52.0,53.0,5355375400.0,52.0,56.42,0.019230769230769162,0.35175071434026317
2026-04-21,GOTO,54.0,57.0,53.0,56.0,5512536000.0,52.2,56.28,0.05660377358490565,0.35119184565526157
2026-04-22,GOTO,56.0,57.0,55.0,56.0,3432657000.0,52.45,56.12,0.0,0.3408445258914577
2026-04-23,GOTO,57.0,57.0,53.0,54.0,3728384800.0,52.5,55.98,-0.0357142857142857,0.344552754429192
2026-04-24,GOTO,54.0,54.0,52.0,52.0,3359907700.0,52.5,55.78,-0.03703703703703709,0.3640424110367201
2026-04-27,GOTO,53.0,54.0,52.0,53.0,2799103600.0,52.6,55.6,0.019230769230769162,0.3623439549324846
2026-04-28,GOTO,53.0,54.0,53.0,53.0,1376193600.0,52.65,55.46,0.0,0.3564659982180907
2026-04-29,GOTO,56.0,58.0,55.0,55.0,7685000300.0,52.85,55.36,0.037735849056603765,0.3702684744444015
2026-04-30,GOTO,56.0,57.0,53.0,54.0,9260650700.0,52.9,55.24,-0.018181818181818188,0.3536249989008618
2026-05-04,GOTO,50.0,51.0,50.0,51.0,26429459800.0,52.8,55.08,-0.05555555555555558,0.4070160402478191
2026-05-05,GOTO,51.0,51.0,50.0,50.0,8111357900.0,52.7,54.88,-0.019607843137254943,0.40744042900525096
2026-05-06,GOTO,51.0,51.0,50.0,50.0,4506998400.0,52.65,54.68,0.0,0.4021157235789121
2026-05-07,GOTO,50.0,50.0,50.0,50.0,2994335700.0,52.55,54.5,0.0,0.3949517419723866
2026-05-08,GOTO,50.0,51.0,50.0,50.0,5975129800.0,52.45,54.3,0.0,0.3949517419723866
2026-05-11,GOTO,50.0,51.0,50.0,50.0,1502970500.0,52.35,54.08,0.0,0.3949517419723866
2026-05-12,GOTO,50.0,51.0,50.0,50.0,1918457200.0,52.25,53.86,0.0,0.3949517419723866
2026-05-13,GOTO,50.0,51.0,50.0,50.0,993936500.0,52.15,53.62,0.0,0.3949517419723866
2026-05-14,GOTO,50.0,50.0,50.0,50.0,0.0,52.05,53.4,0.0,0.3949517419723866
2026-05-15,GOTO,50.0,50.0,50.0,50.0,0.0,51.95,53.2,0.0,0.3949517419723866
2026-05-18,GOTO,50.0,50.0,50.0,50.0,1000157300.0,51.85,53.0,0.0,0.3949517419723866
2026-05-19,GOTO,50.0,50.0,50.0,50.0,345814000.0,51.7,52.78,0.0,0.3872820411805737
2026-05-20,GOTO,50.0,50.0,50.0,50.0,331704400.0,51.4,52.6,0.0,0.3184717710447756
2026-05-21,GOTO,50.0,50.0,50.0,50.0,323289500.0,51.1,52.44,0.0,0.3184717710447756
2026-05-22,GOTO,50.0,50.0,50.0,50.0,207040600.0,50.9,52.3,0.0,0.298044330798399
2026-05-25,GOTO,50.0,50.0,50.0,50.0,217192000.0,50.8,52.16,0.0,0.27080157197060717
2026-05-26,GOTO,50.0,50.0,50.0,50.0,333371800.0,50.65,52.04,0.0,0.25933636744597055
2026-05-27,GOTO,50.0,50.0,50.0,50.0,0.0,50.5,51.94,0.0,0.25933636744597055
2026-05-28,GOTO,50.0,50.0,50.0,50.0,0.0,50.25,51.84,0.0,0.21128447076992923
2026-05-29,GOTO,50.0,50.0,50.0,50.0,2653923000.0,50.05,51.7,0.0,0.20564141388503393
2026-06-02,GOTO,50.0,50.0,50.0,50.0,398734700.0,50.0,51.58,0.0,0.06960093862470078
2026-06-03,GOTO,50.0,50.0,50.0,50.0,206119300.0,50.0,51.48,0.0,0.0
2026-06-04,GOTO,50.0,50.0,50.0,50.0,163038900.0,50.0,51.44,0.0,0.0
2026-06-05,GOTO,50.0,50.0,50.0,50.0,135370000.0,50.0,51.42,0.0,0.0
2026-06-08,GOTO,50.0,50.0,50.0,50.0,105056400.0,50.0,51.36,0.0,0.0
2026-06-09,GOTO,50.0,50.0,50.0,50.0,560561200.0,50.0,51.32,0.0,0.0
2026-06-10,GOTO,50.0,50.0,50.0,50.0,551225800.0,50.0,51.3,0.0,0.0
2026-06-11,GOTO,50.0,50.0,50.0,50.0,139923300.0,50.0,51.26,0.0,0.0
2026-06-12,GOTO,50.0,50.0,50.0,50.0,67675000.0,50.0,51.24,0.0,0.0
2026-06-15,GOTO,50.0,50.0,50.0,50.0,201214700.0,50.0,51.18,0.0,0.0
2026-06-17,GOTO,50.0,50.0,50.0,50.0,226317100.0,50.0,51.12,0.0,0.0
2026-06-18,GOTO,50.0,50.0,50.0,50.0,854768600.0,50.0,51.08,0.0,0.0
2026-06-19,GOTO,50.0,50.0,50.0,50.0,1265000600.0,50.0,51.06,0.0,0.0
2026-06-22,GOTO,50.0,50.0,50.0,50.0,423123800.0,50.0,51.02,0.0,0.0
2026-06-23,GOTO,50.0,50.0,50.0,50.0,122955000.0,50.0,50.98,0.0,0.0
2026-06-24,GOTO,50.0,50.0,50.0,50.0,40325100.0,50.0,50.94,0.0,0.0
2026-06-25,GOTO,50.0,50.0,50.0,50.0,104694300.0,50.0,50.9,0.0,0.0
2026-06-26,GOTO,50.0,50.0,50.0,50.0,26584500.0,50.0,50.86,0.0,0.0
2026-06-29,GOTO,50.0,50.0,50.0,50.0,29999300.0,50.0,50.82,0.0,0.0
2026-06-30,GOTO,50.0,50.0,50.0,50.0,219752000.0,50.0,50.78,0.0,0.0
2026-07-01,GOTO,50.0,50.0,50.0,50.0,36262600.0,50.0,50.74,0.0,0.0
2026-07-02,GOTO,50.0,50.0,50.0,50.0,14003900.0,50.0,50.68,0.0,0.0
2026-07-03,GOTO,50.0,50.0,50.0,50.0,15650300.0,50.0,50.56,0.0,0.0
2026-07-06,GOTO,50.0,50.0,50.0,50.0,9798900.0,50.0,50.44,0.0,0.0
2026-07-07,GOTO,50.0,50.0,50.0,50.0,15085800.0,50.0,50.36,0.0,0.0
2026-07-08,GOTO,50.0,50.0,50.0,50.0,281960200.0,50.0,50.32,0.0,0.0
2026-07-09,GOTO,50.0,50.0,50.0,50.0,303800100.0,50.0,50.26,0.0,0.0
2026-07-10,GOTO,50.0,50.0,50.0,50.0,297837900.0,50.0,50.2,0.0,0.0
2026-07-13,GOTO,50.0,50.0,50.0,50.0,41629800.0,50.0,50.1,0.0,0.0
2026-07-14,GOTO,50.0,50.0,50.0,50.0,183101700.0,50.0,50.02,0.0,0.0
2026-07-15,GOTO,50.0,50.0,50.0,50.0,17937000.0,50.0,50.0,0.0,0.0
2026-07-16,GOTO,50.0,50.0,50.0,50.0,21756900.0,50.0,50.0,0.0,0.0
2026-07-17,GOTO,50.0,50.0,50.0,50.0,37001600.0,50.0,50.0,0.0,0.0
2026-07-20,GOTO,50.0,50.0,50.0,50.0,23732000.0,50.0,50.0,0.0,0.0
2026-07-21,GOTO,50.0,50.0,50.0,50.0,17690100.0,50.0,50.0,0.0,0.0
2026-07-22,GOTO,50.0,50.0,50.0,50.0,276642700.0,50.0,50.0,0.0,0.0
2026-07-23,GOTO,50.0,50.0,50.0,50.0,45197200.0,50.0,50.0,0.0,0.0
2026-07-24,GOTO,50.0,50.0,50.0,50.0,15073500.0,50.0,50.0,0.0,0.0
2026-07-27,GOTO,50.0,50.0,50.0,50.0,16006100.0,50.0,50.0,0.0,0.0
2026-07-28,GOTO,50.0,50.0,50.0,50.0,23434900.0,50.0,50.0,0.0,0.0
2026-07-29,GOTO,50.0,50.0,50.0,50.0,117731100.0,50.0,50.0,0.0,0.0
2026-07-30,GOTO,50.0,50.0,50.0,50.0,97133900.0,50.0,50.0,0.0,0.0
2026-07-31,GOTO,50.0,50.0,50.0,50.0,45918300.0,50.0,50.0,0.0,0.0
2026-08-03,GOTO,50.0,50.0,50.0,50.0,46756100.0,50.0,50.0,0.0,0.0
2026-08-04,GOTO,50.0,50.0,50.0,50.0,46203700.0,50.0,50.0,0.0,0.0
2026-08-05,GOTO,50.0,50.0,50.0,50.0,123652900.0,50.0,50.0,0.0,0.0
2026-08-06,GOTO,50.0,50.0,50.0,50.0,35469600.0,50.0,50.0,0.0,0.0
2026-08-07,GOTO,50.0,50.0,50.0,50.0,15582500.0,50.0,50.0,0.0,0.0
2025-08-07,TLKM,2990.0,2990.0,2930.0,2950.0,46506200.0,2950.0,2950.0,,
2025-08-08,TLKM,2950.0,2960.0,2930.0,2940.0,46945800.0,2945.0,2945.0,-0.003389830508474523,
2025-08-11,TLKM,2990.0,3010.0,2970.0,2990.0,74978300.0,2960.0,2960.0,0.017006802721088343,0.2289516401661382
2025-08-12,TLKM,3050.0,3200.0,3010.0,3180.0,217607800.0,3015.0,3015.0,0.0635451505016722,0.5446187198868733
2025-08-13,TLKM,3220.0,3420.0,3210.0,3360.0,465722400.0,3084.0,3084.0,0.05660377358490565,0.5077664988130758
2025-08-14,TLKM,3370.0,3490.0,3370.0,3420.0,232557200.0,3140.0,3140.0,0.017857142857142794,0.4534433046308508
2025-08-15,TLKM,3360.0,3410.0,3310.0,3310.0,182893900.0,3164.285714285714,3164.285714285714,-0.032163742690058506,0.57314048046568
2025-08-19,TLKM,3260.0,3330.0,3240.0,3250.0,164921000.0,3175.0,3175.0,-0.01812688821752262,0.5708119912176455
2025-08-20,TLKM,3220.0,3290.0,3220.0,3220.0,80084600.0,3180.0,3180.0,-0.009230769230769265,0.5449615963810499
2025-08-21,TLKM,3210.0,3270.0,3210.0,3250.0,63861900.0,3187.0,3187.0,0.009316770186335477,0.509897311677144
2025-08-22,TLKM,3270.0,3290.0,3220.0,3240.0,61351700.0,3191.818181818182,3191.818181818182,-0.003076923076923088,0.48609977986392416
2025-08-25,TLKM,3280.0,3350.0,3250.0,3310.0,93221500.0,3201.6666666666665,3201.6666666666665,0.021604938271605034,0.4645834532642097
2025-08-26,TLKM,3310.0,3320.0,3230.0,3260.0,227364800.0,3206.153846153846,3206.153846153846,-0.015105740181268867,0.4587189196693069
2025-08-27,TLKM,3200.0,3250.0,3100.0,3170.0,118158900.0,3203.5714285714284,3203.5714285714284,-0.027607361963190136,0.46743212084198377
2025-08-28,TLKM,3160.0,3220.0,3150.0,3180.0,55940600.0,3202.0,3202.0,0.003154574132492094,0.44924982762180526
2025-08-29,TLKM,3180.0,3210.0,3100.0,3130.0,72585500.0,3197.5,3197.5,-0.01572327044025157,0.44175788998669835
2025-09-01,TLKM,3080.0,3110.0,2960.0,3110.0,130027900.0,3192.3529411764707,3192.3529411764707,-0.006389776357827448,0.4288863508162229
2025-09-02,TLKM,3120.0,3140.0,3050.0,3070.0,64402900.0,3185.5555555555557,3185.5555555555557,-0.012861736334405127,0.4201007664894667
2025-09-03,TLKM,3080.0,3170.0,3070.0,3110.0,113875700.0,3181.5789473684213,3181.5789473684213,0.013029315960912058,0.40939617170677134
2025-09-04,TLKM,3090.0,3170.0,3090.0,3150.0,37223800.0,3180.0,3180.0,0.012861736334405238,0.399399502691233
2025-09-08,TLKM,3300.0,3300.0,3090.0,3090.0,93725000.0,3187.0,3175.714285714286,-0.01904761904761909,0.3970823959908773
2025-09-09,TLKM,3100.0,3130.0,3000.0,3050.0,104463400.0,3192.5,3170.0,-0.012944983818770184,0.4004326072929018
2025-09-10,TLKM,3070.0,3180.0,3050.0,3150.0,49840200.0,3200.5,3169.1304347826085,0.032786885245901676,0.41195744014706753
2025-09-11,TLKM,3180.0,3190.0,3070.0,3080.0,71919900.0,3195.5,3165.4166666666665,-0.022222222222222254,0.3528122911573335
2025-09-12,TLKM,3090.0,3110.0,3050.0,3100.0,61521400.0,3182.5,3162.8,0.006493506493506551,0.2811798048481472
2025-09-15,TLKM,3150.0,3260.0,3130.0,3260.0,115361300.0,3174.5,3166.5384615384614,0.05161290322580636,0.33596700506592425
2025-09-16,TLKM,3300.0,3300.0,3260.0,3300.0,80642900.0,3174.0,3171.4814814814813,0.012269938650306678,0.32001929826999903
2025-09-17,TLKM,3300.0,3340.0,3210.0,3340.0,73539700.0,3178.5,3177.5,0.0121212121212122,0.3152211640621555
2025-09-18,TLKM,3400.0,3400.0,3230.0,3250.0,99501600.0,3180.0,3180.0,-0.026946107784431184,0.32921995819334976
2025-09-19,TLKM,3210.0,3300.0,3160.0,3230.0,113834400.0,3179.0,3181.6666666666665,-0.006153846153846176,0.3284075192755935
2025-09-22,TLKM,3300.0,3300.0,3190.0,3220.0,53704700.0,3178.0,3182.9032258064517,-0.003095975232198178,0.32840981124927054
2025-09-23,TLKM,3240.0,3260.0,3130.0,3190.0,40100300.0,3172.0,3183.125,-0.009316770186335366,0.3195161534593436
2025-09-24,TLKM,3190.0,3190.0,3150.0,3160.0,37086500.0,3167.0,3182.4242424242425,-0.009404388714733591,0.3169633976944746
2025-09-25,TLKM,3160.0,3200.0,3110.0,3120.0,37627500.0,3164.5,3180.5882352941176,-0.012658227848101222,0.3047572422348394
2025-09-26,TLKM,3100.0,3160.0,3090.0,3110.0,66789300.0,3161.0,3178.5714285714284,-0.0032051282051281937,0.30454807717019194
2025-09-29,TLKM,3110.0,3130.0,3050.0,3080.0,85911300.0,3158.5,3175.8333333333335,-0.009646302250803873,0.30138304979667574
2025-09-30,TLKM,3090.0,3140.0,3060.0,3060.0,117025800.0,3156.0,3172.7027027027025,-0.00649350649350644,0.3014095396275257
2025-10-01,TLKM,3060.0,3100.0,3060.0,3060.0,59779700.0,3155.5,3169.7368421052633,0.0,0.29793065530125423
2025-10-02,TLKM,3070.0,3200.0,3060.0,3130.0,113431700.0,3156.5,3168.7179487179487,0.02287581699346397,0.3055927156564812
2025-10-03,TLKM,3110.0,3130.0,3050.0,3070.0,59116700.0,3152.5,3166.25,-0.019169329073482455,0.30952579570657457
2025-10-06,TLKM,3080.0,3090.0,2960.0,3010.0,59707600.0,3148.5,3162.439024390244,-0.019543973941368087,0.3099121396154687
2025-10-07,TLKM,3030.0,3050.0,3000.0,3010.0,30353000.0,3146.5,3158.809523809524,0.0,0.30675818338042643
2025-10-08,TLKM,3030.0,3040.0,2940.0,2990.0,66090700.0,3138.5,3154.8837209302324,-0.006644518272425293,0.28087427214022437
2025-10-09,TLKM,2950.0,3020.0,2950.0,3010.0,54769300.0,3135.0,3151.590909090909,0.006688963210702337,0.27251340689509396
2025-10-10,TLKM,3030.0,3080.0,3000.0,3040.0,62254500.0,3132.0,3149.1111111111113,0.009966777408637828,0.27405647608717953
2025-10-13,TLKM,3020.0,3070.0,2980.0,3020.0,46978500.0,3120.0,3146.304347826087,-0.006578947368421018,0.19186337845956092
2025-10-14,TLKM,3050.0,3070.0,2960.0,2960.0,38518800.0,3103.0,3142.340425531915,-0.019867549668874163,0.19018685684055658
2025-10-15,TLKM,3000.0,3090.0,2950.0,3080.0,67503700.0,3090.0,3141.0416666666665,0.04054054054054057,0.24396944474342303
2025-10-16,TLKM,2970.0,3020.0,2900.0,2950.0,103687000.0,3075.0,3137.1428571428573,-0.04220779220779225,0.26790401708378103
2025-10-17,TLKM,2950.0,2960.0,2850.0,2880.0,82482200.0,3057.5,3132.0,-0.023728813559321993,0.2763045902886369
2025-10-20,TLKM,2930.0,2970.0,2900.0,2940.0,96029300.0,3043.5,3131.8,0.02083333333333326,0.2917745140927682
2025-10-21,TLKM,2970.0,3290.0,2970.0,3280.0,223104600.0,3048.0,3138.6,0.11564625850340127,0.5152861491842073
2025-10-22,TLKM,3220.0,3220.0,3120.0,3150.0,128796800.0,3047.5,3141.8,-0.03963414634146345,0.5348598501057706
2025-10-23,TLKM,3180.0,3400.0,3170.0,3360.0,218967200.0,3059.5,3145.4,0.06666666666666665,0.5813515833608893
2025-10-24,TLKM,3370.0,3440.0,3290.0,3290.0,115104000.0,3068.5,3144.0,-0.02083333333333337,0.5877127646681943
2025-10-27,TLKM,3320.0,3360.0,3280.0,3330.0,105683900.0,3081.0,3142.2,0.012158054711246091,0.5863665290151064
2025-10-28,TLKM,3330.0,3480.0,3270.0,3400.0,143082100.0,3098.0,3144.0,0.021021021021021102,0.5876361134933543
2025-10-29,TLKM,3390.0,3390.0,3270.0,3290.0,93073800.0,3109.5,3144.8,-0.032352941176470584,0.6029728849860228
2025-10-30,TLKM,3290.0,3310.0,3200.0,3250.0,83523100.0,3115.5,3145.4,-0.012158054711246202,0.6014737759785657
2025-10-31,TLKM,3200.0,3250.0,3150.0,3210.0,126790400.0,3122.5,3144.6,-0.012307692307692353,0.5986756353573267
2025-11-03,TLKM,3210.0,3380.0,3210.0,3350.0,107151300.0,3139.5,3146.8,0.04361370716510904,0.6091793017046144
2025-11-04,TLKM,3360.0,3590.0,3360.0,3500.0,227450800.0,3164.0,3150.6,0.04477611940298498,0.6238476665272347
2025-11-05,TLKM,3600.0,3630.0,3510.0,3540.0,182624300.0,3191.5,3156.2,0.011428571428571344,0.6214069421088604
2025-11-06,TLKM,3540.0,3550.0,3470.0,3480.0,71766000.0,3215.0,3162.4,-0.016949152542372836,0.6282922474388704
2025-11-07,TLKM,3460.0,3490.0,3420.0,3470.0,58917900.0,3236.5,3168.2,-0.002873563218390829,0.6294118068498508
2025-11-10,TLKM,3490.0,3550.0,3440.0,3440.0,88941900.0,3257.5,3174.4,-0.008645533141210415,0.6300612121875819
2025-11-11,TLKM,3500.0,3530.0,3470.0,3520.0,63130300.0,3285.5,3182.6,0.023255813953488413,0.6240042770058323
2025-11-12,TLKM,3540.0,3590.0,3510.0,3560.0,61339600.0,3309.5,3192.4,0.011363636363636465,0.6132013133465937
2025-11-13,TLKM,3570.0,3570.0,3480.0,3500.0,57467900.0,3337.0,3200.2,-0.016853932584269704,0.5919287007903379
2025-11-14,TLKM,3530.0,3560.0,3510.0,3550.0,55079600.0,3370.5,3208.2,0.014285714285714235,0.5791040389199016
2025-11-17,TLKM,3570.0,3630.0,3560.0,3610.0,76833800.0,3404.0,3218.6,0.016901408450704203,0.5783972684413057
2025-11-18,TLKM,3610.0,3630.0,3540.0,3620.0,97747000.0,3421.0,3230.0,0.0027700831024930483,0.4260591898801741
2025-11-19,TLKM,3620.0,3690.0,3620.0,3650.0,109911100.0,3446.0,3240.0,0.008287292817679592,0.39161957517520357
2025-11-20,TLKM,3650.0,3660.0,3620.0,3640.0,52200700.0,3460.0,3251.2,-0.002739726027397249,0.3247442896478734
2025-11-21,TLKM,3590.0,3610.0,3460.0,3500.0,93181600.0,3470.5,3259.2,-0.038461538461538436,0.34797078634815415
2025-11-24,TLKM,3560.0,3700.0,3540.0,3700.0,241304000.0,3489.0,3268.0,0.05714285714285716,0.3963844134283986
2025-11-25,TLKM,3690.0,3690.0,3560.0,3650.0,84816600.0,3501.5,3275.0,-0.013513513513513487,0.3974899774388274
2025-11-26,TLKM,3600.0,3720.0,3600.0,3720.0,111114600.0,3523.0,3282.6,0.019178082191780854,0.3767919398725213
2025-11-27,TLKM,3700.0,3700.0,3560.0,3570.0,48436500.0,3539.0,3289.0,-0.040322580645161255,0.40724739282158245
2025-11-28,TLKM,3600.0,3630.0,3500.0,3510.0,70943000.0,3554.0,3294.6,-0.01680672268907568,0.4100890525699886
2025-12-01,TLKM,3530.0,3650.0,3520.0,3650.0,89045500.0,3569.0,3303.2,0.03988603988603989,0.4055975340047092
2025-12-02,TLKM,3660.0,3670.0,3560.0,3560.0,62155900.0,3572.0,3310.6,-0.024657534246575352,0.38893096531478105
2025-12-03,TLKM,3590.0,3650.0,3580.0,3580.0,60429900.0,3574.0,3319.0,0.00561797752808979,0.3874350740754515
2025-12-04,TLKM,3660.0,3660.0,3580.0,3630.0,38947500.0,3581.5,3329.2,0.013966480446927276,0.3841322158272446
2025-12-05,TLKM,3630.0,3700.0,3610.0,3700.0,50641400.0,3593.0,3341.0,0.019283746556473913,0.38813706445118473
2025-12-08,TLKM,3700.0,3700.0,3600.0,3630.0,64911000.0,3602.5,3352.0,-0.018918918918918948,0.3940675227943115
2025-12-09,TLKM,3650.0,3650.0,3520.0,3570.0,94381800.0,3605.0,3362.2,-0.016528925619834656,0.39222225403759503
2025-12-10,TLKM,3620.0,3700.0,3590.0,3640.0,68644900.0,3609.0,3373.8,0.019607843137254832,0.39618480586951055
2025-12-11,TLKM,3670.0,3690.0,3500.0,3570.0,84823100.0,3612.5,3382.6,-0.019230769230769273,0.39772460401404236
2025-12-12,TLKM,3630.0,3630.0,3500.0,3550.0,67076200.0,3612.5,3392.2,-0.0056022408963585235,0.39536213101061213
2025-12-15,TLKM,3550.0,3560.0,3460.0,3470.0,121707400.0,3605.5,3401.4,-0.022535211267605604,0.3981621520330594
2025-12-16,TLKM,3490.0,3550.0,3470.0,3520.0,120576700.0,3600.5,3411.6,0.014409221902017322,0.40201193890093084
2025-12-17,TLKM,3540.0,3590.0,3490.0,3500.0,118452300.0,3593.0,3421.8,-0.005681818181818232,0.40074306865983284
2025-12-18,TLKM,3540.0,3580.0,3460.0,3460.0,111042200.0,3584.0,3430.8,-0.011428571428571455,0.4021988524282842
2025-12-19,TLKM,3520.0,3520.0,3390.0,3410.0,236770700.0,3579.5,3438.2,-0.014450867052023142,0.38203592810995257
2025-12-22,TLKM,3440.0,3490.0,3420.0,3470.0,113720300.0,3568.0,3447.2,0.017595307917888547,0.32346938452671814
2025-12-23,TLKM,3470.0,3470.0,3420.0,3470.0,39083700.0,3559.0,3457.4,0.0,0.32119629886976
2025-12-24,TLKM,3480.0,3500.0,3440.0,3460.0,30919800.0,3546.0,3465.0,-0.0028818443804035088,0.3109860248917818
2025-12-29,TLKM,3480.0,3530.0,3460.0,3490.0,53079900.0,3542.0,3475.8,0.00867052023121384,0.28109733459189773
2025-12-30,TLKM,3490.0,3510.0,3480.0,3480.0,48019100.0,3540.5,3487.8,-0.002865329512893977,0.2749787871309178
2026-01-02,TLKM,3510.0,3510.0,3450.0,3470.0,34812500.0,3531.5,3498.4,-0.002873563218390829,0.23040015027396596
2026-01-05,TLKM,3490.0,3590.0,3480.0,3580.0,77224000.0,3532.5,3504.4,0.03170028818443793,0.24467911285893332
2026-01-06,TLKM,3600.0,3600.0,3490.0,3520.0,77477100.0,3529.5,3511.8,-0.016759776536312887,0.25114886355890886
2026-01-07,TLKM,3540.0,3550.0,3500.0,3540.0,60466200.0,3525.0,3515.4,0.005681818181818121,0.24639738108155695
2026-01-08,TLKM,3540.0,3580.0,3520.0,3530.0,61219400.0,3516.5,3520.2,-0.0028248587570621764,0.23429138907275704
2026-01-09,TLKM,3550.0,3560.0,3450.0,3450.0,82708700.0,3507.5,3522.6,-0.022662889518413554,0.23816997010283056
2026-01-12,TLKM,3470.0,3530.0,3460.0,3520.0,89165400.0,3505.0,3525.0,0.020289855072463725,0.24502824556416708
2026-01-13,TLKM,3600.0,3660.0,3550.0,3620.0,129812000.0,3504.0,3531.6,0.02840909090909083,0.25638027498140287
2026-01-14,TLKM,3690.0,3700.0,3610.0,3650.0,98179400.0,3508.0,3539.6,0.008287292817679592,0.2476803891798936
2026-01-15,TLKM,3650.0,3680.0,3610.0,3660.0,83981800.0,3513.5,3548.6,0.00273972602739736,0.24639786301015695
2026-01-19,TLKM,3590.0,3630.0,3490.0,3620.0,147127900.0,3521.0,3554.0,-0.010928961748633892,0.23444841587557907
2026-01-20,TLKM,3550.0,3680.0,3550.0,3600.0,89987800.0,3525.0,3556.0,-0.0055248618784530246,0.23136152272847624
2026-01-21,TLKM,3670.0,3700.0,3570.0,3600.0,104120400.0,3530.0,3557.2,0.0,0.22998698248975213
2026-01-22,TLKM,3670.0,3790.0,3660.0,3740.0,149259700.0,3544.0,3562.4,0.03888888888888897,0.25986061181065107
2026-01-23,TLKM,3790.0,3800.0,3730.0,3770.0,109079700.0,3562.0,3568.4,0.008021390374331583,0.2507534473076034
2026-01-26,TLKM,3780.0,3850.0,3750.0,3850.0,91258600.0,3581.0,3576.6,0.021220159151193574,0.2534555135795458
2026-01-27,TLKM,3850.0,3990.0,3730.0,3940.0,161704800.0,3604.5,3585.0,0.023376623376623273,0.2604236361465119
2026-01-28,TLKM,3800.0,3800.0,3390.0,3470.0,439277400.0,3605.0,3583.2,-0.11928934010152281,0.5172268069176451
2026-01-29,TLKM,3420.0,3500.0,3100.0,3450.0,582049700.0,3603.0,3582.2,-0.0057636887608069065,0.5168059905931648
2026-01-30,TLKM,3550.0,3740.0,3540.0,3600.0,332372800.0,3609.0,3583.2,0.04347826086956519,0.5391487408554032
2026-02-02,TLKM,3670.0,3700.0,3430.0,3500.0,157041400.0,3610.5,3581.0,-0.02777777777777779,0.5494508377749967
2026-02-03,TLKM,3540.0,3550.0,3420.0,3450.0,155611200.0,3604.0,3577.6,-0.014285714285714235,0.5395613172010015
2026-02-04,TLKM,3420.0,3440.0,3260.0,3330.0,215692700.0,3594.5,3571.2,-0.034782608695652195,0.5501126506508968
2026-02-05,TLKM,3350.0,3360.0,3260.0,3290.0,148908600.0,3582.0,3564.2,-0.012012012012011963,0.5503473870004912
2026-02-06,TLKM,3310.0,3390.0,3270.0,3380.0,137552600.0,3574.5,3561.8,0.02735562310030404,0.560843119876005
2026-02-09,TLKM,3430.0,3430.0,3340.0,3350.0,109053400.0,3569.5,3554.8,-0.00887573964497046,0.5560736587193394
2026-02-10,TLKM,3380.0,3430.0,3360.0,3400.0,129254100.0,3563.5,3549.8,0.014925373134328401,0.5536886090787048
2026-02-11,TLKM,3430.0,3530.0,3420.0,3530.0,151785400.0,3559.0,3546.0,0.038235294117647145,0.5616816776002408
2026-02-12,TLKM,3500.0,3560.0,3470.0,3560.0,114656400.0,3554.5,3545.8,0.008498583569405138,0.5617266952915114
2026-02-13,TLKM,3540.0,3550.0,3440.0,3450.0,102244000.0,3544.0,3544.6,-0.030898876404494402,0.571657303752464
2026-02-18,TLKM,3470.0,3510.0,3460.0,3490.0,82797000.0,3537.5,3541.4,0.011594202898550732,0.5727413883313055
2026-02-19,TLKM,3500.0,3500.0,3460.0,3480.0,70690600.0,3531.5,3539.8,-0.002865329512893977,0.5725516193152812
2026-02-20,TLKM,3490.0,3510.0,3430.0,3480.0,75231500.0,3525.5,3537.8,0.0,0.5725516193152812
2026-02-23,TLKM,3480.0,3550.0,3480.0,3550.0,59621900.0,3516.0,3536.2,0.02011494252873569,0.5588986786612262
2026-02-24,TLKM,3600.0,3600.0,3510.0,3580.0,119024300.0,3506.5,3533.8,0.008450704225352101,0.5590027072255291
2026-02-25,TLKM,3580.0,3660.0,3580.0,3600.0,66237300.0,3494.0,3533.2,0.005586592178770999,0.5531262407361278
2026-02-26,TLKM,3560.0,3650.0,3510.0,3650.0,111136200.0,3479.5,3534.8,0.01388888888888884,0.548186341057643
2026-02-27,TLKM,3630.0,3630.0,3530.0,3540.0,140862100.0,3483.0,3532.8,-0.03013698630136985,0.35520003496788266
2026-03-02,TLKM,3440.0,3490.0,3410.0,3450.0,80022100.0,3483.0,3530.4,-0.025423728813559365,0.3669984083288263
2026-03-03,TLKM,3520.0,3530.0,3440.0,3450.0,125403800.0,3475.5,3528.4,0.0,0.3296277314770272
2026-03-04,TLKM,3430.0,3450.0,3110.0,3200.0,206478300.0,3460.5,3523.0,-0.07246376811594202,0.4055425096388208
2026-03-05,TLKM,3300.0,3350.0,3210.0,3260.0,137853600.0,3451.0,3517.8,0.018750000000000044,0.41150686496459565
2026-03-06,TLKM,3270.0,3290.0,3180.0,3190.0,84932600.0,3444.0,3511.6,-0.021472392638036797,0.4002163481287242
2026-03-09,TLKM,3160.0,3160.0,3000.0,3100.0,126776600.0,3434.5,3504.4,-0.028213166144200663,0.4096985928784693
2026-03-10,TLKM,3120.0,3150.0,2930.0,2960.0,288339600.0,3413.5,3495.4,-0.04516129032258065,0.41999810515043196
2026-03-11,TLKM,3000.0,3020.0,2930.0,3000.0,209073500.0,3396.0,3486.0,0.013513513513513598,0.42563944804467113
2026-03-12,TLKM,3020.0,3060.0,2980.0,3020.0,100856000.0,3377.0,3477.0,0.006666666666666599,0.42146116859952265
2026-03-13,TLKM,3030.0,3050.0,2920.0,2970.0,102546800.0,3349.0,3467.2,-0.01655629139072845,0.3896067236781923
2026-03-16,TLKM,2970.0,2980.0,2830.0,2960.0,95426400.0,3319.0,3456.6,-0.0033670033670033517,0.3850688389270064
2026-03-17,TLKM,3050.0,3050.0,2960.0,3050.0,164842700.0,3299.0,3448.0,0.030405405405405483,0.3998211040676755
2026-03-25,TLKM,3140.0,3300.0,3130.0,3300.0,228354400.0,3289.5,3444.6,0.08196721311475419,0.5047686282059985
2026-03-26,TLKM,3240.0,3260.0,3130.0,3170.0,130477500.0,3274.0,3436.4,-0.039393939393939426,0.5216670581418643
2026-03-27,TLKM,3150.0,3160.0,3050.0,3050.0,72337500.0,3252.5,3427.0,-0.03785488958990535,0.5348203453029987
2026-03-30,TLKM,3050.0,3110.0,3030.0,3040.0,115529200.0,3227.0,3417.0,-0.003278688524590123,0.526023813994988
2026-03-31,TLKM,3130.0,3130.0,3040.0,3060.0,95463800.0,3201.0,3407.6,0.006578947368421018,0.5253264653410425
2026-04-01,TLKM,3150.0,3150.0,3100.0,3150.0,68303100.0,3178.5,3401.6,0.02941176470588225,0.539688137384203
2026-04-02,TLKM,3150.0,3160.0,3080.0,3130.0,56283200.0,3152.5,3393.8,-0.006349206349206327,0.5344991783694505
2026-04-06,TLKM,3200.0,3200.0,3100.0,3160.0,37192400.0,3133.5,3384.6,0.009584664536741228,0.5303926077112097
2026-04-07,TLKM,3150.0,3160.0,3060.0,3100.0,49528200.0,3116.0,3373.6,-0.01898734177215189,0.5276115588931597
2026-04-08,TLKM,3150.0,3180.0,3110.0,3160.0,78411200.0,3101.5,3363.6,0.019354838709677358,0.5343819449541016
2026-04-09,TLKM,3170.0,3190.0,3120.0,3190.0,58857300.0,3101.0,3355.0,0.009493670886076,0.4701229028973035
2026-04-10,TLKM,3190.0,3220.0,3170.0,3210.0,70335700.0,3098.5,3347.2,0.006269592476489061,0.46567699320548966
2026-04-13,TLKM,3130.0,3200.0,3130.0,3190.0,77410000.0,3098.5,3339.0,-0.006230529595015577,0.4596194741410756
2026-04-14,TLKM,3190.0,3200.0,3110.0,3120.0,92852900.0,3099.5,3326.6,-0.021943573667711602,0.454959252363191
2026-04-15,TLKM,3120.0,3150.0,3060.0,3090.0,89181500.0,3106.0,3313.0,-0.009615384615384581,0.42386276422406605
2026-04-16,TLKM,3100.0,3150.0,3100.0,3120.0,57013000.0,3112.0,3298.4,0.009708737864077666,0.4227633131787098
2026-04-17,TLKM,3120.0,3150.0,3080.0,3100.0,96349500.0,3116.0,3281.6,-0.0064102564102563875,0.42351673569116893
2026-04-20,TLKM,3130.0,3160.0,3050.0,3100.0,142308900.0,3122.5,3274.2,0.0,0.41812568748030776
2026-04-21,TLKM,3050.0,3070.0,2980.0,3010.0,137586500.0,3125.0,3265.4,-0.029032258064516148,0.43255141985955536
2026-04-22,TLKM,3010.0,3030.0,2990.0,3000.0,57088500.0,3122.5,3253.4,-0.0033222591362126463,0.4186768903222314
2026-04-23,TLKM,3010.0,3020.0,2880.0,2880.0,164145000.0,3101.5,3241.0,-0.040000000000000036,0.30969420704065487
2026-04-24,TLKM,2880.0,2940.0,2750.0,2810.0,254588000.0,3083.5,3228.2,-0.02430555555555558,0.2926668935828307
2026-04-27,TLKM,2850.0,2850.0,2810.0,2830.0,77838700.0,3072.5,3218.2,0.007117437722419906,0.27009811267154654
2026-04-28,TLKM,2790.0,2820.0,2750.0,2820.0,146311100.0,3061.5,3208.8,-0.0035335689045936647,0.2700956343475864
2026-04-29,TLKM,2820.0,2880.0,2800.0,2870.0,144598700.0,3052.0,3198.6,0.01773049645390068,0.27844692507519536
2026-04-30,TLKM,2860.0,2870.0,2810.0,2810.0,134260800.0,3035.0,3187.8,-0.020905923344947785,0.25710351953950067
2026-05-04,TLKM,2840.0,2890.0,2840.0,2890.0,81120300.0,3023.0,3177.6,0.028469750889679624,0.2840020677816029
2026-05-05,TLKM,2910.0,2940.0,2870.0,2880.0,71127200.0,3009.0,3164.6,-0.0034602076124568004,0.2795713279936883
2026-05-06,TLKM,2890.0,2910.0,2870.0,2900.0,82205900.0,2999.0,3151.4,0.00694444444444442,0.27686447688596666
2026-05-07,TLKM,2950.0,2980.0,2920.0,2930.0,102205600.0,2987.5,3141.0,0.010344827586206806,0.26886815868325026
2026-05-08,TLKM,2930.0,3000.0,2900.0,2960.0,102107300.0,2976.0,3130.4,0.010238907849829282,0.2693633197037079
2026-05-11,TLKM,2990.0,3010.0,2920.0,2960.0,58491000.0,2963.5,3120.0,0.0,0.2672283855704102
2026-05-12,TLKM,3000.0,3000.0,2860.0,2950.0,91619700.0,2951.5,3109.4,-0.0033783783783783994,0.267091673862777
2026-05-13,TLKM,2950.0,2970.0,2920.0,2960.0,62623700.0,2943.5,3097.6,0.003389830508474523,0.2592491941063502
2026-05-14,TLKM,2960.0,2960.0,2960.0,2960.0,0.0,2937.0,3085.2,0.0,0.2579931727200199
2026-05-15,TLKM,2960.0,2960.0,2960.0,2960.0,0.0,2929.0,3072.4,0.0,0.2544160221629595
2026-05-18,TLKM,2910.0,3080.0,2860.0,3080.0,148994300.0,2928.0,3061.0,0.04054054054054057,0.2960400789418449
2026-05-19,TLKM,3080.0,3130.0,3030.0,3080.0,147808100.0,2927.0,3051.8,0.0,0.2960400789418449
2026-05-20,TLKM,3130.0,3190.0,3100.0,3100.0,191400600.0,2931.5,3044.8,0.006493506493506551,0.27628220936377634
2026-05-21,TLKM,3100.0,3120.0,2950.0,3000.0,141907000.0,2931.5,3035.8,-0.032258064516129004,0.30112072709221155
2026-05-22,TLKM,3000.0,3010.0,2850.0,2920.0,138085300.0,2933.5,3030.2,-0.026666666666666616,0.28054536461786517
2026-05-25,TLKM,2880.0,2960.0,2870.0,2930.0,88999600.0,2939.5,3023.6,0.003424657534246478,0.26438513575328704
2026-05-26,TLKM,2950.0,3100.0,2940.0,3090.0,136083800.0,2952.5,3021.6,0.05460750853242313,0.3232337832388517
2026-05-27,TLKM,3090.0,3090.0,3090.0,3090.0,0.0,2966.0,3021.4,0.0,0.3222966169168078
2026-05-28,TLKM,3090.0,3090.0,3090.0,3090.0,0.0,2977.0,3024.0,0.0,0.3189721699255588
2026-05-29,TLKM,2900.0,3170.0,2900.0,3030.0,835364400.0,2988.0,3024.6,-0.01941747572815533,0.3174778293096984
2026-06-02,TLKM,2990.0,3020.0,2910.0,2950.0,242446000.0,2991.0,3023.2,-0.02640264026402639,0.3210301639943526
2026-06-03,TLKM,2900.0,2950.0,2850.0,2850.0,168085400.0,2989.5,3020.8,-0.03389830508474578,0.3442569785327188
2026-06-04,TLKM,2900.0,2950.0,2680.0,2900.0,197151900.0,2989.5,3019.6,0.01754385964912286,0.3492360869333577
2026-06-05,TLKM,2900.0,2930.0,2760.0,2760.0,105040300.0,2981.0,3013.8,-0.0482758620689655,0.3866948246948714
2026-06-08,TLKM,2620.0,2650.0,2350.0,2350.0,331947700.0,2950.5,2994.8,-0.14855072463768115,0.64243192809773
2026-06-09,TLKM,2510.0,2620.0,2510.0,2620.0,371055600.0,2933.5,2983.8,0.11489361702127665,0.7819722172479416
2026-06-10,TLKM,2500.0,2810.0,2500.0,2810.0,391732600.0,2926.5,2979.0,0.0725190839694656,0.8289274883434931
2026-06-11,TLKM,2870.0,2970.0,2810.0,2870.0,274793100.0,2922.0,2975.6,0.021352313167259718,0.8326625064352468
2026-06-12,TLKM,2910.0,2980.0,2860.0,2860.0,181531900.0,2917.0,2971.6,-0.0034843205574912606,0.8327429958516103
2026-06-15,TLKM,2900.0,2970.0,2890.0,2930.0,156789000.0,2915.5,2967.2,0.02447552447552437,0.837409681212936
2026-06-17,TLKM,2950.0,3030.0,2940.0,2960.0,200799700.0,2909.5,2963.8,0.010238907849829282,0.8251770178989046
2026-06-18,TLKM,2800.0,2800.0,2670.0,2780.0,210813900.0,2894.5,2956.2,-0.060810810810810856,0.852308724761979
2026-06-19,TLKM,2700.0,2710.0,2580.0,2580.0,374544500.0,2868.5,2945.8,-0.07194244604316546,0.8847127356253218
2026-06-22,TLKM,2580.0,2590.0,2500.0,2510.0,194270900.0,2844.0,2932.8,-0.027131782945736482,0.8830057370598087
2026-06-23,TLKM,2500.0,2610.0,2500.0,2540.0,173184800.0,2825.0,2919.8,0.01195219123505975,0.8824565669586535
2026-06-24,TLKM,2570.0,2590.0,2480.0,2500.0,173348900.0,2803.5,2905.6,-0.015748031496062964,0.8825248686439722
2026-06-25,TLKM,2530.0,2540.0,2500.0,2500.0,94937900.0,2774.0,2891.8,0.0,0.8532559803758168
2026-06-26,TLKM,2420.0,2480.0,2370.0,2480.0,220918000.0,2743.5,2879.0,-0.008000000000000007,0.8525923784922181
2026-06-29,TLKM,2470.0,2470.0,2410.0,2410.0,124858100.0,2709.5,2865.4,-0.028225806451612878,0.8542912366537024
2026-06-30,TLKM,2390.0,2400.0,2350.0,2350.0,318664200.0,2675.5,2850.0,-0.024896265560165998,0.8552326954584359
2026-07-01,TLKM,2380.0,2450.0,2350.0,2440.0,111997100.0,2650.0,2836.8,0.038297872340425476,0.8706953260839133
2026-07-02,TLKM,2470.0,2490.0,2420.0,2450.0,112046100.0,2630.0,2823.8,0.004098360655737654,0.86613092788685
2026-07-03,TLKM,2480.0,2540.0,2470.0,2520.0,83587600.0,2611.0,2814.0,0.02857142857142847,0.8709918973232577
2026-07-06,TLKM,2520.0,2530.0,2470.0,2480.0,48614200.0,2597.0,2803.6,-0.015873015873015928,0.8573900996508054
2026-07-07,TLKM,2460.0,2480.0,2420.0,2480.0,119404100.0,2603.5,2795.6,0.0,0.665748680911978
2026-07-08,TLKM,2480.0,2540.0,2470.0,2510.0,98228500.0,2598.0,2789.6,0.012096774193548487,0.5221652086981967
2026-07-09,TLKM,2500.0,2510.0,2450.0,2510.0,68742100.0,2583.0,2783.2,0.0,0.4430472298795572
2026-07-10,TLKM,2480.0,2500.0,2440.0,2480.0,129033800.0,2563.5,2776.4,-0.01195219123505975,0.4321616068970189
2026-07-13,TLKM,2480.0,2520.0,2460.0,2510.0,80358400.0,2546.0,2769.2,0.012096774193548487,0.4373113174542851
2026-07-14,TLKM,2500.0,2600.0,2490.0,2560.0,118565500.0,2527.5,2764.2,0.019920318725099584,0.4333630852225641
2026-07-15,TLKM,2560.0,2570.0,2490.0,2520.0,142706600.0,2505.5,2756.8,-0.015625,0.42993075247624146
2026-07-16,TLKM,2520.0,2560.0,2510.0,2530.0,56858100.0,2493.0,2749.8,0.003968253968253954,0.382596452748795
2026-07-17,TLKM,2550.0,2670.0,2540.0,2660.0,143963900.0,2497.0,2745.0,0.05138339920948609,0.3422337746401992
2026-07-20,TLKM,2670.0,2750.0,2660.0,2710.0,146905500.0,2507.0,2740.6,0.018796992481203034,0.3294234854512768
2026-07-21,TLKM,2770.0,2770.0,2700.0,2750.0,140279600.0,2517.5,2736.4,0.014760147601476037,0.3304667688950698
2026-07-22,TLKM,2730.0,2730.0,2670.0,2700.0,122114100.0,2527.5,2731.2,-0.018181818181818188,0.3325202050723204
2026-07-23,TLKM,2710.0,2710.0,2650.0,2650.0,91296700.0,2535.0,2725.2,-0.01851851851851849,0.3418858729584118
2026-07-24,TLKM,2600.0,2630.0,2580.0,2630.0,92442500.0,2542.5,2718.6,-0.007547169811320753,0.3416939719960198
2026-07-27,TLKM,2670.0,2670.0,2560.0,2590.0,60467000.0,2551.5,2711.2,-0.01520912547528519,0.32871433197279465
2026-07-28,TLKM,2580.0,2620.0,2560.0,2560.0,69694800.0,2562.0,2703.2,-0.01158301158301156,0.3164631624020177
2026-07-29,TLKM,2560.0,2610.0,2540.0,2560.0,76414900.0,2568.0,2692.8,0.0,0.2902912543834979
2026-07-30,TLKM,2600.0,2670.0,2590.0,2670.0,103302600.0,2579.0,2684.6,0.04296875,0.32387110747004666
2026-07-31,TLKM,2670.0,2680.0,2600.0,2630.0,91987400.0,2584.5,2675.2,-0.014981273408239737,0.3177850231891944
2026-08-03,TLKM,2600.0,2740.0,2600.0,2740.0,112278700.0,2597.5,2670.0,0.041825095057034245,0.3392339595045576
2026-08-04,TLKM,2740.0,2790.0,2710.0,2790.0,90753600.0,2613.0,2667.4,0.018248175182481674,0.3416914486743164
2026-08-05,TLKM,2780.0,2780.0,2700.0,2710.0,109494500.0,2623.0,2663.0,-0.028673835125448077,0.362266554855135
2026-08-06,TLKM,2710.0,2720.0,2650.0,2650.0,138223900.0,2630.0,2654.2,-0.022140221402214055,0.37391501588062376
2026-08-07,TLKM,2650.0,2690.0,2650.0,2690.0,6216600.0,2640.5,2646.2,0.015094339622641506,0.37191140126547745
2025-08-07,UNVR,1735.0,1770.0,1735.0,1765.0,15105200.0,1765.0,1765.0,,
2025-08-08,UNVR,1765.0,1795.0,1735.0,1750.0,12034100.0,1757.5,1757.5,-0.008498583569405138,
2025-08-11,UNVR,1755.0,1780.0,1750.0,1760.0,18272400.0,1758.3333333333333,1758.3333333333333,0.005714285714285783,0.15953906202772378
2025-08-12,UNVR,1760.0,1820.0,1760.0,1790.0,38523100.0,1766.25,1766.25,0.017045454545454586,0.20317911996537438
2025-08-13,UNVR,1800.0,1825.0,1775.0,1785.0,26026700.0,1770.0,1770.0,-0.0027932960893854997,0.17637882037711644
2025-08-14,UNVR,1795.0,1915.0,1790.0,1830.0,85270700.0,1780.0,1780.0,0.025210084033613356,0.2202102410530116
2025-08-15,UNVR,1830.0,1840.0,1750.0,1750.0,36984000.0,1775.7142857142858,1775.7142857142858,-0.04371584699453557,0.385040910575296
2025-08-19,UNVR,1755.0,1845.0,1755.0,1830.0,40630500.0,1782.5,1782.5,0.04571428571428582,0.45021113154069603
2025-08-20,UNVR,1830.0,1840.0,1785.0,1805.0,21223900.0,1785.0,1785.0,-0.013661202185792365,0.4304997731900306
2025-08-21,UNVR,1800.0,1830.0,1800.0,1815.0,10486800.0,1788.0,1788.0,0.005540166204986097,0.4028980840124878
2025-08-22,UNVR,1830.0,1830.0,1770.0,1770.0,14344500.0,1786.3636363636363,1786.3636363636363,-0.024793388429752095,0.40535681884614466
2025-08-25,UNVR,1775.0,1810.0,1770.0,1775.0,10311100.0,1785.4166666666667,1785.4166666666667,0.0028248587570620654,0.38470582916502
2025-08-26,UNVR,1775.0,1800.0,1750.0,1790.0,14548700.0,1785.7692307692307,1785.7692307692307,0.008450704225352101,0.36848282617359346
2025-08-27,UNVR,1790.0,1795.0,1735.0,1755.0,15955700.0,1783.5714285714287,1783.5714285714287,-0.019553072625698276,0.36467953821059834
2025-08-28,UNVR,1755.0,1760.0,1745.0,1750.0,13246200.0,1781.3333333333333,1781.3333333333333,-0.002849002849002802,0.35055385616591794
2025-08-29,UNVR,1730.0,1730.0,1690.0,1700.0,24836500.0,1776.25,1776.25,-0.02857142857142858,0.35701426958891347
2025-09-01,UNVR,1650.0,1710.0,1645.0,1700.0,15262900.0,1771.764705882353,1771.764705882353,0.0,0.3450253976243917
2025-09-02,UNVR,1700.0,1745.0,1700.0,1700.0,15840700.0,1767.7777777777778,1767.7777777777778,0.0,0.33416919795203914
2025-09-03,UNVR,1700.0,1730.0,1700.0,1710.0,11426700.0,1764.7368421052631,1764.7368421052631,0.00588235294117645,0.32552925359902524
2025-09-04,UNVR,1705.0,1735.0,1700.0,1705.0,27702300.0,1761.75,1761.75,-0.0029239766081871066,0.31639665001003625
2025-09-08,UNVR,1705.0,1715.0,1685.0,1695.0,38625200.0,1758.25,1758.5714285714287,-0.0058651026392961825,0.3083245224538317
2025-09-09,UNVR,1695.0,1695.0,1645.0,1655.0,54269100.0,1753.5,1753.8636363636363,-0.02359882005899705,0.3171802195630608
2025-09-10,UNVR,1670.0,1720.0,1660.0,1700.0,26787800.0,1750.5,1751.5217391304348,0.027190332326284095,0.3333909587438014
2025-09-11,UNVR,1725.0,1745.0,1710.0,1720.0,10286400.0,1747.0,1750.2083333333333,0.0117647058823529,0.3299997023696593
2025-09-12,UNVR,1720.0,1725.0,1690.0,1695.0,10326000.0,1742.5,1748.0,-0.014534883720930258,0.33309188524322325
2025-09-15,UNVR,1695.0,1730.0,1685.0,1690.0,44103900.0,1735.5,1745.7692307692307,-0.002949852507374673,0.3167596737995158
2025-09-16,UNVR,1700.0,1770.0,1695.0,1740.0,28476400.0,1735.0,1745.5555555555557,0.029585798816567976,0.30065056443809196
2025-09-17,UNVR,1740.0,1765.0,1715.0,1735.0,12700500.0,1730.25,1745.1785714285713,-0.002873563218390829,0.24711563478408344
2025-09-18,UNVR,1745.0,1755.0,1705.0,1710.0,11695200.0,1725.5,1743.9655172413793,-0.014409221902017322,0.24757568937351027
2025-09-19,UNVR,1715.0,1725.0,1700.0,1715.0,22797600.0,1720.5,1743.0,0.0029239766081872176,0.24660930719521476
2025-09-22,UNVR,1725.0,1730.0,1710.0,1715.0,12021400.0,1717.75,1742.0967741935483,0.0,0.232467321309754
2025-09-23,UNVR,1725.0,1780.0,1700.0,1775.0,29171000.0,1717.75,1743.125,0.03498542274052485,0.2659731910523351
2025-09-24,UNVR,1800.0,1805.0,1730.0,1735.0,23291800.0,1715.0,1742.878787878788,-0.022535211267605604,0.2756853907594801
2025-09-25,UNVR,1715.0,1780.0,1715.0,1735.0,14402500.0,1714.0,1742.6470588235295,0.0,0.2672317838234125
2025-09-26,UNVR,1780.0,1940.0,1775.0,1830.0,134223700.0,1718.0,1745.142857142857,0.05475504322766578,0.33096800268551585
2025-09-29,UNVR,1830.0,1840.0,1750.0,1760.0,37519500.0,1721.0,1745.5555555555557,-0.03825136612021862,0.3445049813213905
2025-09-30,UNVR,1750.0,1790.0,1735.0,1780.0,23784800.0,1725.0,1746.4864864864865,0.011363636363636465,0.3460068702470501
2025-10-01,UNVR,1770.0,1815.0,1745.0,1780.0,22048100.0,1729.0,1747.3684210526317,0.0,0.3460068702470501
2025-10-02,UNVR,1785.0,1860.0,1765.0,1790.0,24568600.0,1733.0,1748.4615384615386,0.00561797752808979,0.34597412241135583
2025-10-03,UNVR,1790.0,1875.0,1785.0,1835.0,33563100.0,1739.5,1750.625,0.025139664804469275,0.3543650527532619
2025-10-06,UNVR,1850.0,1890.0,1820.0,1860.0,22207000.0,1747.75,1753.2926829268292,0.013623978201634968,0.353983194172297
2025-10-07,UNVR,1860.0,1885.0,1810.0,1830.0,27722000.0,1756.5,1755.1190476190477,-0.016129032258064502,0.3469326050350869
2025-10-08,UNVR,1840.0,1880.0,1825.0,1855.0,15182700.0,1764.25,1757.4418604651162,0.013661202185792254,0.3388206005948
2025-10-09,UNVR,1865.0,1975.0,1865.0,1915.0,78749900.0,1774.0,1761.0227272727273,0.032345013477088846,0.35221387812620886
2025-10-10,UNVR,1935.0,1940.0,1890.0,1900.0,14263100.0,1784.25,1764.111111111111,-0.007832898172323799,0.3479054098085592
2025-10-13,UNVR,1870.0,1900.0,1815.0,1850.0,25615900.0,1792.25,1765.9782608695652,-0.02631578947368418,0.3652865085091451
2025-10-14,UNVR,1870.0,1870.0,1800.0,1800.0,26174800.0,1795.25,1766.7021276595744,-0.027027027027026973,0.3695536260162988
2025-10-15,UNVR,1825.0,1855.0,1810.0,1835.0,23439100.0,1800.25,1768.125,0.019444444444444375,0.37415104334479976
2025-10-16,UNVR,1860.0,2020.0,1860.0,1985.0,80433300.0,1814.0,1772.5510204081634,0.08174386920980936,0.4603304257325605
2025-10-17,UNVR,1985.0,1995.0,1885.0,1900.0,51732500.0,1823.25,1775.1,-0.04282115869017633,0.4942465801081188
2025-10-20,UNVR,1935.0,2130.0,1935.0,2080.0,86711600.0,1841.5,1781.4,0.09473684210526323,0.5859367081570546
2025-10-21,UNVR,2100.0,2110.0,2020.0,2050.0,29597600.0,1855.25,1787.4,-0.014423076923076872,0.5846030004241636
2025-10-22,UNVR,2050.0,2150.0,2020.0,2070.0,49090900.0,1872.0,1793.6,0.009756097560975618,0.5734700416012793
2025-10-23,UNVR,2180.0,2270.0,2140.0,2260.0,130049800.0,1898.25,1803.0,0.09178743961352653,0.6418459301313384
2025-10-24,UNVR,2260.0,2700.0,2250.0,2530.0,267179900.0,1933.25,1817.9,0.11946902654867264,0.7311593267732298
2025-10-27,UNVR,2580.0,2840.0,2530.0,2710.0,277535000.0,1980.75,1835.5,0.07114624505928857,0.7240162049206008
2025-10-28,UNVR,2680.0,2720.0,2450.0,2490.0,156918700.0,2016.25,1850.3,-0.08118081180811809,0.8124647528518665
2025-10-29,UNVR,2510.0,2610.0,2470.0,2580.0,73171300.0,2056.25,1865.3,0.03614457831325302,0.8118931364968299
2025-10-30,UNVR,2610.0,2670.0,2560.0,2560.0,49537500.0,2094.75,1880.4,-0.007751937984496138,0.8163967663537225
2025-10-31,UNVR,2600.0,2660.0,2530.0,2580.0,63108200.0,2132.0,1895.7,0.0078125,0.817062676751253
2025-11-03,UNVR,2630.0,2700.0,2590.0,2670.0,49127900.0,2172.5,1913.7,0.03488372093023262,0.8188941187975366
2025-11-04,UNVR,2700.0,2750.0,2600.0,2690.0,57648100.0,2215.5,1932.0,0.0074906367041198685,0.8095128882001777
2025-11-05,UNVR,2690.0,2740.0,2660.0,2690.0,41343200.0,2257.25,1950.0,0.0,0.8125247647583477
2025-11-06,UNVR,2660.0,2680.0,2600.0,2620.0,29525900.0,2292.5,1967.3,-0.026022304832713727,0.8270200734446375
2025-11-07,UNVR,2600.0,2610.0,2520.0,2530.0,48504400.0,2324.0,1982.9,-0.03435114503816794,0.8428093341738669
2025-11-10,UNVR,2570.0,2600.0,2500.0,2530.0,49312800.0,2358.0,1999.5,0.0,0.8304851168989752
2025-11-11,UNVR,2560.0,2570.0,2460.0,2490.0,47905800.0,2392.5,2015.3,-0.015810276679841917,0.8235159854305005
2025-11-12,UNVR,2490.0,2590.0,2480.0,2550.0,35515000.0,2428.25,2032.3,0.024096385542168752,0.8238194669822562
2025-11-13,UNVR,2560.0,2560.0,2490.0,2490.0,16292900.0,2453.5,2047.9,-0.02352941176470591,0.799907606698738
2025-11-14,UNVR,2490.0,2560.0,2490.0,2510.0,16720600.0,2484.0,2064.0,0.008032128514056325,0.7731198630869269
2025-11-17,UNVR,2540.0,2620.0,2520.0,2590.0,37359900.0,2509.5,2081.9,0.031872509960159334,0.7174491790988973
2025-11-18,UNVR,2610.0,2630.0,2510.0,2510.0,28725900.0,2532.5,2099.0,-0.030888030888030937,0.7277890504156743
2025-11-19,UNVR,2520.0,2580.0,2520.0,2580.0,13777400.0,2558.0,2116.6,0.027888446215139417,0.7301713061509617
2025-11-20,UNVR,2600.0,2620.0,2560.0,2600.0,20738000.0,2575.0,2134.2,0.007751937984496138,0.6666288370625314
2025-11-21,UNVR,2600.0,2670.0,2540.0,2540.0,27647200.0,2575.5,2151.1,-0.023076923076923106,0.5276097655380675
2025-11-24,UNVR,2560.0,2670.0,2560.0,2670.0,32673700.0,2573.5,2170.7,0.051181102362204633,0.4960841870252229
2025-11-25,UNVR,2670.0,2670.0,2580.0,2630.0,25207700.0,2580.5,2188.5,-0.014981273408239737,0.39904973184280246
2025-11-26,UNVR,2640.0,2690.0,2590.0,2600.0,21031000.0,2581.5,2205.8,-0.011406844106463865,0.3820608356518106
2025-11-27,UNVR,2620.0,2630.0,2560.0,2600.0,34235900.0,2583.5,2223.6,0.0,0.38078601424986613
2025-11-28,UNVR,2620.0,2640.0,2590.0,2600.0,18013700.0,2584.5,2241.3,0.0,0.37995394916859265
2025-12-01,UNVR,2570.0,2650.0,2570.0,2620.0,17322300.0,2582.0,2259.4,0.007692307692307665,0.3591565706386471
2025-12-02,UNVR,2620.0,2670.0,2600.0,2650.0,35263000.0,2580.0,2276.9,0.011450381679389388,0.36062674273906886
2025-12-03,UNVR,2670.0,2800.0,2670.0,2770.0,65741000.0,2584.0,2297.6,0.04528301886792452,0.3955948213376244
2025-12-04,UNVR,2800.0,2810.0,2690.0,2770.0,40071400.0,2591.5,2318.3,0.0,0.38190397904112416
2025-12-05,UNVR,2780.0,2790.0,2710.0,2710.0,34350200.0,2600.5,2335.9,-0.02166064981949456,0.3678124496517048
2025-12-08,UNVR,2730.0,2730.0,2620.0,2620.0,34429000.0,2605.0,2353.1,-0.03321033210332103,0.39043276121454207
2025-12-09,UNVR,2620.0,2710.0,2590.0,2670.0,44953900.0,2614.0,2370.9,0.01908396946564883,0.38892474278272676
2025-12-10,UNVR,2710.0,2750.0,2670.0,2730.0,29651800.0,2623.0,2389.9,0.022471910112359605,0.3878404306657622
2025-12-11,UNVR,2730.0,2740.0,2600.0,2640.0,30830400.0,2630.5,2406.9,-0.03296703296703296,0.39794302144805915
2025-12-12,UNVR,2640.0,2660.0,2600.0,2630.0,14728100.0,2636.5,2422.8,-0.0037878787878787845,0.39826128900896407
2025-12-15,UNVR,2590.0,2610.0,2570.0,2580.0,18476400.0,2636.0,2437.2,-0.019011406844106515,0.3895788767080125
2025-12-16,UNVR,2580.0,2710.0,2580.0,2710.0,32058000.0,2646.0,2454.8,0.050387596899224896,0.41014099123406533
2025-12-17,UNVR,2700.0,2700.0,2630.0,2630.0,20817800.0,2648.5,2470.3,-0.029520295202952074,0.41665221358570864
2025-12-18,UNVR,2630.0,2680.0,2620.0,2650.0,17521000.0,2651.0,2485.0,0.0076045627376426506,0.4166221974598601
2025-12-19,UNVR,2660.0,2770.0,2610.0,2770.0,28983500.0,2662.5,2502.4,0.04528301886792452,0.43392823209844433
2025-12-22,UNVR,2730.0,2730.0,2670.0,2700.0,22606200.0,2664.0,2519.4,-0.02527075812274371,0.4094695559164053
2025-12-23,UNVR,2690.0,2700.0,2610.0,2610.0,17218500.0,2663.0,2535.6,-0.033333333333333326,0.42382372839768306
2025-12-24,UNVR,2620.0,2620.0,2590.0,2600.0,10056300.0,2663.0,2550.9,-0.003831417624521105,0.4219793912467945
2025-12-29,UNVR,2610.0,2630.0,2560.0,2600.0,13763200.0,2663.0,2563.2,0.0,0.4219793912467945
2025-12-30,UNVR,2600.0,2660.0,2590.0,2600.0,17928600.0,2663.0,2577.2,0.0,0.4219793912467945
2026-01-02,UNVR,2620.0,2630.0,2600.0,2620.0,7859600.0,2663.0,2588.0,0.007692307692307665,0.4219793912467945
2026-01-05,UNVR,2620.0,2620.0,2580.0,2580.0,13513400.0,2659.5,2598.6,-0.01526717557251911,0.42329880105143336
2026-01-06,UNVR,2580.0,2620.0,2580.0,2610.0,16595700.0,2651.5,2609.4,0.011627906976744207,0.390041128639056
2026-01-07,UNVR,2610.0,2640.0,2600.0,2600.0,18804300.0,2643.0,2616.2,-0.003831417624521105,0.3899283467287117
2026-01-08,UNVR,2620.0,2730.0,2610.0,2620.0,44404400.0,2638.5,2618.0,0.007692307692307665,0.38506468084472845
2026-01-09,UNVR,2640.0,2680.0,2620.0,2620.0,23053000.0,2638.5,2616.2,0.0,0.36627407058554623
2026-01-12,UNVR,2650.0,2650.0,2590.0,2600.0,44075100.0,2635.0,2618.4,-0.007633587786259555,0.36028288349802523
2026-01-13,UNVR,2600.0,2630.0,2590.0,2600.0,33925600.0,2628.5,2618.8,0.0,0.3494632229918639
2026-01-14,UNVR,2610.0,2620.0,2580.0,2580.0,15761400.0,2625.5,2619.2,-0.007692307692307665,0.33098571422931394
2026-01-15,UNVR,2580.0,2590.0,2420.0,2450.0,51451800.0,2616.5,2616.6,-0.050387596899224785,0.3747365821841078
2026-01-19,UNVR,2450.0,2460.0,2310.0,2330.0,56292600.0,2604.0,2609.8,-0.048979591836734726,0.40528186129462207
2026-01-20,UNVR,2330.0,2360.0,2320.0,2320.0,18395300.0,2584.5,2602.4,-0.0042918454935622075,0.3491676380571507
2026-01-21,UNVR,2320.0,2320.0,2240.0,2290.0,30521200.0,2567.5,2594.4,-0.012931034482758674,0.3401449595157677
2026-01-22,UNVR,2270.0,2310.0,2270.0,2280.0,21043700.0,2549.0,2587.6,-0.004366812227074246,0.3361085936516934
2026-01-23,UNVR,2280.0,2280.0,2200.0,2250.0,20403500.0,2523.0,2582.0,-0.013157894736842146,0.2729908748286023
2026-01-26,UNVR,2250.0,2260.0,2130.0,2150.0,27241300.0,2495.5,2574.4,-0.0444444444444444,0.2946560974949838
2026-01-27,UNVR,2140.0,2180.0,2030.0,2060.0,35658400.0,2468.0,2565.8,-0.041860465116279055,0.3045563538417637
2026-01-28,UNVR,2000.0,2020.0,1930.0,1980.0,39800600.0,2437.0,2554.4,-0.03883495145631066,0.3177972439705415
2026-01-29,UNVR,1960.0,1960.0,1690.0,1860.0,74521700.0,2400.0,2541.8,-0.06060606060606055,0.3547402971602558
2026-01-30,UNVR,1890.0,1960.0,1885.0,1925.0,33230400.0,2366.25,2530.1,0.034946236559139754,0.39547098516479257
2026-02-02,UNVR,1955.0,2070.0,1920.0,2030.0,52588100.0,2336.75,2518.9,0.05454545454545445,0.4601990069916371
2026-02-03,UNVR,2010.0,2110.0,1995.0,2010.0,46081200.0,2308.25,2508.9,-0.009852216748768461,0.4601332369228786
2026-02-04,UNVR,2010.0,2090.0,1980.0,2050.0,49767000.0,2280.25,2498.3,0.01990049751243772,0.46665883245636514
2026-02-05,UNVR,2060.0,2250.0,2040.0,2210.0,71314600.0,2260.75,2490.5,0.07804878048780495,0.5648853195118639
2026-02-06,UNVR,2190.0,2300.0,2140.0,2300.0,71485600.0,2244.75,2485.7,0.040723981900452566,0.5883457057165443
2026-02-09,UNVR,2300.0,2300.0,2250.0,2300.0,23163100.0,2228.75,2478.3,0.0,0.5883457057165443
2026-02-10,UNVR,2300.0,2420.0,2280.0,2300.0,56389900.0,2213.75,2471.7,0.0,0.5886615792231876
2026-02-11,UNVR,2300.0,2320.0,2250.0,2260.0,18622600.0,2196.75,2464.9,-0.017391304347826098,0.5897572749491568
2026-02-12,UNVR,2290.0,2330.0,2270.0,2300.0,40499400.0,2182.75,2458.9,0.017699115044247815,0.5958361046100673
2026-02-13,UNVR,2320.0,2370.0,2300.0,2300.0,19683200.0,2175.25,2452.9,0.0,0.5713395382630057
2026-02-18,UNVR,2340.0,2340.0,2260.0,2260.0,16593000.0,2171.75,2445.7,-0.017391304347826098,0.5478055280705351
2026-02-19,UNVR,2270.0,2310.0,2220.0,2220.0,17971200.0,2166.75,2437.1,-0.017699115044247815,0.5509442993126424
2026-02-20,UNVR,2220.0,2250.0,2210.0,2240.0,7587400.0,2164.25,2426.5,0.009009009009008917,0.5504814580845209
2026-02-23,UNVR,2260.0,2370.0,2250.0,2370.0,34184100.0,2168.75,2418.5,0.05803571428571419,0.5880093175627275
2026-02-24,UNVR,2370.0,2380.0,2320.0,2350.0,24678900.0,2173.75,2411.3,-0.008438818565400852,0.5865705804926277
2026-02-25,UNVR,2350.0,2370.0,2320.0,2330.0,15559900.0,2182.75,2405.5,-0.008510638297872353,0.5615007170672026
2026-02-26,UNVR,2350.0,2360.0,2300.0,2310.0,15417900.0,2195.25,2398.3,-0.008583690987124415,0.5368520861079835
2026-02-27,UNVR,2320.0,2410.0,2310.0,2380.0,68472600.0,2215.25,2391.3,0.030303030303030276,0.5154601113362481
2026-03-02,UNVR,2310.0,2320.0,2240.0,2250.0,23912200.0,2234.75,2383.5,-0.054621848739495826,0.5049595619591419
2026-03-03,UNVR,2260.0,2280.0,2080.0,2080.0,29682000.0,2242.5,2372.5,-0.0755555555555556,0.5795012522067328
2026-03-04,UNVR,2090.0,2090.0,1920.0,1935.0,31919800.0,2237.75,2359.6,-0.06971153846153844,0.6045211230525694
2026-03-05,UNVR,1975.0,2040.0,1975.0,1990.0,14954200.0,2236.75,2345.2,0.028423772609819098,0.6128867279482944
2026-03-06,UNVR,1990.0,2040.0,1955.0,1975.0,11788500.0,2233.0,2332.1,-0.007537688442211032,0.6089221196963835
2026-03-09,UNVR,1955.0,1955.0,1845.0,1880.0,20756600.0,2216.5,2316.7,-0.048101265822784844,0.5533938507559549
2026-03-10,UNVR,1910.0,1945.0,1890.0,1945.0,11695700.0,2198.75,2300.2,0.034574468085106336,0.5466809605898665
2026-03-11,UNVR,1965.0,2050.0,1945.0,2000.0,19351000.0,2183.75,2286.2,0.028277634961439535,0.5610412589999605
2026-03-12,UNVR,2010.0,2020.0,1890.0,1890.0,27876700.0,2163.25,2271.8,-0.05500000000000005,0.5861756804202367
2026-03-13,UNVR,1890.0,1910.0,1870.0,1870.0,12154900.0,2143.75,2257.2,-0.010582010582010581,0.5853977385362823
2026-03-16,UNVR,1870.0,1880.0,1820.0,1855.0,10659400.0,2121.5,2242.3,-0.008021390374331583,0.5770325085659912
2026-03-17,UNVR,1865.0,2080.0,1865.0,2000.0,50594200.0,2106.5,2230.3,0.07816711590296488,0.6563580478157234
2026-03-25,UNVR,1930.0,1950.0,1905.0,1935.0,34597400.0,2090.25,2216.6,-0.03249999999999997,0.6619577853483867
2026-03-26,UNVR,1935.0,1960.0,1920.0,1940.0,20185700.0,2076.25,2203.8,0.0025839793281654533,0.6614857879607657
2026-03-27,UNVR,1940.0,1940.0,1855.0,1860.0,20510900.0,2057.25,2188.8,-0.04123711340206182,0.6704602507226487
2026-03-30,UNVR,1820.0,1845.0,1810.0,1835.0,14256600.0,2030.5,2173.5,-0.013440860215053752,0.6228345748210399
2026-03-31,UNVR,1860.0,1865.0,1815.0,1820.0,21371200.0,2004.0,2157.5,-0.008174386920980936,0.6228551975964792
2026-04-01,UNVR,1845.0,1970.0,1845.0,1910.0,46209400.0,1983.0,2143.3,0.0494505494505495,0.6599889086978745
2026-04-02,UNVR,1910.0,1960.0,1910.0,1930.0,17567700.0,1964.0,2129.9,0.010471204188481575,0.6636288332818214
2026-04-06,UNVR,1935.0,1940.0,1885.0,1915.0,5661100.0,1940.75,2116.2,-0.007772020725388629,0.6479746513743049
2026-04-07,UNVR,1915.0,1920.0,1890.0,1905.0,3248600.0,1923.5,2102.7,-0.005221932114882533,0.6262326410924904
2026-04-08,UNVR,1925.0,1960.0,1915.0,1955.0,11687600.0,1917.25,2092.8,0.026246719160105014,0.5823165414360787
2026-04-09,UNVR,1945.0,1945.0,1905.0,1910.0,10902500.0,1916.0,2084.4,-0.023017902813299185,0.5322217062778787
2026-04-10,UNVR,1920.0,1935.0,1910.0,1920.0,8206300.0,1912.5,2076.4,0.005235602094240788,0.521993611911351
2026-04-13,UNVR,1910.0,1915.0,1885.0,1910.0,7397900.0,1909.25,2068.8,-0.00520833333333337,0.5216886402517583
2026-04-14,UNVR,1920.0,1925.0,1900.0,1910.0,10440100.0,1910.75,2061.4,0.0,0.49134696650628673
2026-04-15,UNVR,1920.0,1925.0,1895.0,1895.0,11235900.0,1908.25,2054.3,-0.007853403141361293,0.4760133635571563
2026-04-16,UNVR,1895.0,1900.0,1855.0,1860.0,13626400.0,1901.25,2048.5,-0.01846965699208447,0.46686977999376905
2026-04-17,UNVR,1860.0,1895.0,1860.0,1865.0,9601000.0,1900.0,2044.6,0.0026881720430107503,0.42503925140718885
2026-04-20,UNVR,1870.0,1885.0,1820.0,1820.0,14771400.0,1897.5,2041.4,-0.024128686327077764,0.4320342739848818
2026-04-21,UNVR,1820.0,1820.0,1790.0,1800.0,13679100.0,1894.75,2040.2,-0.01098901098901095,0.4328007704951978
2026-04-22,UNVR,1800.0,1820.0,1760.0,1765.0,20485500.0,1883.0,2037.0,-0.019444444444444486,0.31933318346483086
2026-04-23,UNVR,1760.0,1760.0,1675.0,1675.0,46396500.0,1870.0,2029.9,-0.05099150141643061,0.345342519595963
2026-04-24,UNVR,1675.0,1685.0,1565.0,1575.0,41658200.0,1851.75,2021.2,-0.05970149253731338,0.39034378364981787
2026-04-27,UNVR,1575.0,1575.0,1510.0,1520.0,40053800.0,1834.75,2010.6,-0.03492063492063491,0.38425274299353807
2026-04-28,UNVR,1525.0,1545.0,1485.0,1485.0,42672500.0,1817.25,1996.1,-0.023026315789473673,0.3869667388671455
2026-04-29,UNVR,1495.0,1595.0,1495.0,1575.0,38824200.0,1805.0,1981.6,0.06060606060606055,0.4616512831420786
2026-04-30,UNVR,1615.0,1615.0,1530.0,1535.0,50188300.0,1786.25,1966.3,-0.025396825396825418,0.41475633549486896
2026-05-04,UNVR,1555.0,1600.0,1550.0,1560.0,36660100.0,1767.75,1951.5,0.016286644951140072,0.4191549889507528
2026-05-05,UNVR,1555.0,1685.0,1540.0,1640.0,42348300.0,1754.0,1939.1,0.05128205128205132,0.47277885183687174
2026-05-06,UNVR,1655.0,1810.0,1655.0,1805.0,75977100.0,1749.0,1929.2,0.10060975609756095,0.6086719234862271
2026-05-07,UNVR,1810.0,1855.0,1790.0,1835.0,47653800.0,1743.0,1919.9,0.016620498614958512,0.6036835791672046
2026-05-08,UNVR,1835.0,1840.0,1795.0,1800.0,18226100.0,1737.5,1910.7,-0.019073569482288777,0.6020649357239136
2026-05-11,UNVR,1805.0,1815.0,1760.0,1785.0,15722700.0,1730.75,1902.0,-0.008333333333333304,0.6017407898136525
2026-05-12,UNVR,1790.0,1825.0,1755.0,1800.0,15541900.0,1725.25,1893.2,0.008403361344537785,0.6030083646614224
2026-05-13,UNVR,1800.0,1800.0,1770.0,1785.0,6834600.0,1719.0,1881.5,-0.008333333333333304,0.6033137823683596
2026-05-14,UNVR,1785.0,1785.0,1785.0,1785.0,0.0,1713.5,1870.2,0.0,0.6030694785251547
2026-05-15,UNVR,1785.0,1785.0,1785.0,1785.0,0.0,1709.75,1859.3,0.0,0.6000638543382841
2026-05-18,UNVR,1775.0,1780.0,1710.0,1770.0,18683500.0,1705.0,1848.5,-0.008403361344537785,0.6003550712074274
2026-05-19,UNVR,1765.0,1775.0,1720.0,1755.0,14016100.0,1701.75,1836.0,-0.008474576271186418,0.5952334675192523
2026-05-20,UNVR,1755.0,1815.0,1750.0,1795.0,19068500.0,1701.5,1826.9,0.02279202279202286,0.5998978391958262
2026-05-21,UNVR,1810.0,1815.0,1745.0,1750.0,17561800.0,1700.75,1820.3,-0.02506963788300831,0.6027071246190734
2026-05-22,UNVR,1755.0,1775.0,1745.0,1765.0,8894800.0,1705.25,1816.9,0.008571428571428674,0.5718447670076732
2026-05-25,UNVR,1780.0,1795.0,1755.0,1770.0,9593400.0,1715.0,1812.5,0.0028328611898016387,0.5214417952524888
2026-05-26,UNVR,1795.0,1795.0,1750.0,1760.0,16040300.0,1727.0,1808.2,-0.005649717514124242,0.5006531070179087
2026-05-27,UNVR,1760.0,1760.0,1760.0,1760.0,0.0,1740.75,1805.8,0.0,0.48836249498534695
2026-05-28,UNVR,1760.0,1760.0,1760.0,1760.0,0.0,1750.0,1802.1,0.0,0.44917201396104106
2026-05-29,UNVR,1630.0,1805.0,1580.0,1710.0,133330600.0,1758.75,1796.3,-0.02840909090909094,0.4520765779347141
2026-06-02,UNVR,1710.0,1710.0,1635.0,1665.0,28441900.0,1764.0,1791.8,-0.02631578947368418,0.46408119097856354
2026-06-03,UNVR,1680.0,1735.0,1570.0,1600.0,30595500.0,1762.0,1786.4,-0.03903903903903905,0.4517143659092239
2026-06-04,UNVR,1600.0,1635.0,1530.0,1615.0,17974200.0,1752.5,1781.6,0.009374999999999911,0.2516896242867244
2026-06-05,UNVR,1620.0,1630.0,1530.0,1570.0,24377100.0,1739.25,1773.0,-0.02786377708978327,0.2495336475097106
2026-06-08,UNVR,1570.0,1600.0,1505.0,1575.0,16472200.0,1728.0,1765.8,0.0031847133757962887,0.2485243931794657
2026-06-09,UNVR,1575.0,1615.0,1565.0,1605.0,14614800.0,1719.0,1759.1,0.01904761904761898,0.26439708121144045
2026-06-10,UNVR,1610.0,1615.0,1580.0,1600.0,33735000.0,1709.0,1753.9,-0.0031152647975077885,0.2596748285268653
2026-06-11,UNVR,1610.0,1680.0,1610.0,1635.0,22363100.0,1701.5,1749.9,0.02187500000000009,0.27722515543638104
2026-06-12,UNVR,1640.0,1670.0,1640.0,1665.0,28345900.0,1695.5,1746.8,0.0183486238532109,0.28836814107053427
2026-06-15,UNVR,1620.0,1695.0,1615.0,1660.0,41419400.0,1689.25,1741.8,-0.0030030030030030463,0.2881070841302149
2026-06-17,UNVR,1660.0,1705.0,1645.0,1650.0,12881200.0,1683.25,1736.2,-0.0060240963855421326,0.2876897535239286
2026-06-18,UNVR,1645.0,1690.0,1620.0,1665.0,9988800.0,1678.75,1731.2,0.009090909090909038,0.290282309329876
2026-06-19,UNVR,1665.0,1735.0,1620.0,1685.0,59195200.0,1673.25,1726.8,0.012012012012011963,0.2801868722736553
2026-06-22,UNVR,1725.0,1725.0,1665.0,1700.0,8146100.0,1670.75,1721.7,0.008902077151335286,0.27049018888478565
2026-06-23,UNVR,1695.0,1695.0,1650.0,1655.0,7518300.0,1665.25,1716.6,-0.026470588235294135,0.2818737924594164
2026-06-24,UNVR,1660.0,1690.0,1645.0,1685.0,11911100.0,1661.0,1711.9,0.01812688821752273,0.29118929081767714
2026-06-25,UNVR,1675.0,1805.0,1655.0,1735.0,49717400.0,1659.75,1708.4,0.029673590504450953,0.3120426353866336
2026-06-26,UNVR,1740.0,1760.0,1715.0,1730.0,16495000.0,1658.25,1704.8,-0.0028818443804035088,0.31214534727888965
2026-06-29,UNVR,1750.0,1780.0,1740.0,1770.0,11099300.0,1658.75,1702.3,0.023121387283236983,0.3233948462710483
2026-06-30,UNVR,1770.0,1845.0,1760.0,1805.0,37171400.0,1663.5,1701.2,0.019774011299435124,0.31130458015076706
2026-07-01,UNVR,1815.0,1825.0,1775.0,1775.0,13228800.0,1669.0,1699.4,-0.0166204986149584,0.3009709832267113
2026-07-02,UNVR,1775.0,1795.0,1755.0,1760.0,7673700.0,1677.0,1698.2,-0.008450704225352101,0.26068667824587366
2026-07-03,UNVR,1760.0,1805.0,1760.0,1800.0,7797200.0,1686.25,1698.2,0.022727272727272707,0.26793112938063457
2026-07-06,UNVR,1800.0,1805.0,1760.0,1770.0,7874100.0,1696.25,1698.3,-0.01666666666666672,0.2518642001395875
2026-07-07,UNVR,1775.0,1775.0,1740.0,1765.0,9647400.0,1705.75,1700.1,-0.0028248587570621764,0.25369380605856845
2026-07-08,UNVR,1770.0,1775.0,1715.0,1735.0,8601900.0,1712.25,1703.3,-0.016997167138810165,0.2609501308576517
2026-07-09,UNVR,1735.0,1740.0,1715.0,1715.0,3144000.0,1718.0,1707.2,-0.011527377521613813,0.26567079501663
2026-07-10,UNVR,1715.0,1735.0,1715.0,1730.0,3626900.0,1722.75,1712.1,0.008746355685131268,0.25766565998003316
2026-07-13,UNVR,1720.0,1725.0,1655.0,1680.0,27320400.0,1723.5,1714.2,-0.028901734104046284,0.2742727486796991
2026-07-14,UNVR,1680.0,1690.0,1670.0,1675.0,14159900.0,1724.25,1717.0,-0.0029761904761904656,0.27426810612211916
2026-07-15,UNVR,1685.0,1690.0,1660.0,1670.0,9093900.0,1725.25,1719.2,-0.0029850746268657025,0.27350693235843004
2026-07-16,UNVR,1670.0,1690.0,1670.0,1685.0,9252900.0,1726.25,1720.1,0.008982035928143617,0.27346313153760415
2026-07-17,UNVR,1685.0,1715.0,1675.0,1700.0,13265800.0,1727.0,1718.0,0.008902077151335286,0.27198144941555025
2026-07-20,UNVR,1710.0,1770.0,1705.0,1735.0,22167900.0,1728.75,1716.0,0.020588235294117574,0.2797741758394306
2026-07-21,UNVR,1740.0,1755.0,1710.0,1710.0,17491600.0,1731.5,1714.2,-0.014409221902017322,0.2669534376826711
2026-07-22,UNVR,1710.0,1720.0,1680.0,1705.0,18808800.0,1732.5,1712.6,-0.0029239766081871066,0.2602191101564241
2026-07-23,UNVR,1710.0,1715.0,1680.0,1680.0,12951900.0,1729.75,1710.2,-0.014662756598240456,0.2417173029639234
2026-07-24,UNVR,1680.0,1690.0,1670.0,1685.0,9819500.0,1727.5,1708.2,0.0029761904761904656,0.2421669100503188
2026-07-27,UNVR,1690.0,1695.0,1675.0,1680.0,6492500.0,1723.0,1706.1,-0.0029673590504450953,0.22446575270823146
2026-07-28,UNVR,1685.0,1705.0,1680.0,1705.0,10422500.0,1718.0,1704.5,0.014880952380952328,0.21861857496392015
2026-07-29,UNVR,1705.0,1720.0,1685.0,1695.0,10834900.0,1714.0,1703.0,-0.0058651026392961825,0.21282842673293714
2026-07-30,UNVR,1695.0,1720.0,1685.0,1715.0,9551500.0,1711.75,1702.2,0.01179941002949847,0.2170591796443156
2026-07-31,UNVR,1720.0,1755.0,1700.0,1755.0,25612000.0,1709.5,1701.4,0.023323615160349753,0.21793978828337182
2026-08-03,UNVR,1760.0,1765.0,1730.0,1740.0,7946900.0,1708.0,1701.2,-0.008547008547008517,0.21211289659250435
2026-08-04,UNVR,1740.0,1825.0,1740.0,1820.0,21581300.0,1710.75,1702.3,0.04597701149425282,0.2689600823460496
2026-08-05,UNVR,1820.0,1845.0,1785.0,1845.0,26005100.0,1716.25,1703.8,0.013736263736263687,0.26272027345288174
2026-08-06,UNVR,1845.0,1845.0,1790.0,1805.0,19384100.0,1720.75,1704.7,-0.02168021680216803,0.2725601986962082
2026-08-07,UNVR,1805.0,1825.0,1800.0,1815.0,1577100.0,1725.0,1705.8,0.005540166204986097,0.27185349925284413
